CREATE DEFINER=`root`@`%` PROCEDURE `API_AUTH`.`PKG_BACKUP_INICIAL_AUTH`()
BEGIN

  CREATE USER IF NOT EXISTS 'DBA_AUTH' IDENTIFIED BY 'DBAAUTH2021';

	COMMIT;
	
	SELECT 'Usuario creado';

  /*Elimanr tablas existentes*/
  /*Elimanr tablas existentes*/
  DROP TABLE IF EXISTS `DISPOSITIVOS`;
  DROP TABLE IF EXISTS `CONFIGURACION_USUARIOS`;
  DROP TABLE IF EXISTS `CONFIGURACION_MICROSERVICIOS_MODULOS`;
  DROP TABLE IF EXISTS `MODULO`;
  DROP TABLE IF EXISTS `MICROSERVICIOS`;
  DROP TABLE IF EXISTS `CONFIGURACION_ROLES`;
  DROP TABLE IF EXISTS `ROLES`;
  DROP TABLE IF EXISTS `USUARIOS`;

  COMMIT;

  SELECT 'Tablas eliminadas';

  /*TABLA USER*/
  CREATE TABLE `USUARIOS` (
    `ID_USUARIO` VARCHAR(100) NOT NULL,
    `NOMBRES` VARCHAR(100) NOT NULL,
    `APELLIDOS` VARCHAR(100) NOT NULL,
    `TIPO_DOC_ID` VARCHAR(10) NOT NULL,
    `NUMERO_DOC_ID` VARCHAR(50) NOT NULL,
    `EMAIL` VARCHAR(100) NOT NULL,
    `PASSWORD` VARCHAR(100) NOT NULL,
    `PASSWORD_ACTIVA`  BOOLEAN DEFAULT FALSE,
    `PASSWORD_AUTENTICACION` VARCHAR(100) DEFAULT NULL,
    `ACTIVO` BOOLEAN DEFAULT FALSE,
    `FECHA_CREACION` DATE NOT NULL,
    `HORA_CREACION` TIME NOT NULL,
    `FECHA_ACTUALIZACION` DATE DEFAULT NULL,
    `HORA_ACTUALIZACION` TIME DEFAULT NULL,
    `FECHA_ACTUALIZACION_PASSWORD` DATE DEFAULT NULL,
    `HORA_ACTUALIZACION_PASSWORD` TIME DEFAULT NULL,
    PRIMARY KEY(ID_USUARIO, EMAIL)
  );

  COMMIT;

   /*TABLA MICROSERVICIOS*/
  CREATE TABLE `MICROSERVICIOS` (
    `ID_MICROSERVICIO` VARCHAR(100) NOT NULL,
    `NOMBRE_MICROSERVICIO` VARCHAR(100) NOT NULL,
    `DETALLES` VARCHAR(1000) NOT NULL,
    `URL_MICROSERVICIO` VARCHAR(1000) NOT NULL,
    `ALIAS_MICROSERIVICIO` VARCHAR(100) NOT NULL,
    `URL_ALIAS_MICROSERVICIO` VARCHAR(1000) NOT NULL,
    `ICON_MICROSERVICIO` VARCHAR(100) DEFAULT NULL,
    `ORDEN` INT(10) NOT NULL,
    `FECHA_CREACION` DATE NOT NULL,
    `HORA_CREACION` TIME NOT NULL,
    `FECHA_ACTUALIZACION` DATE DEFAULT NULL,
    `HORA_ACTUALIZACION` TIME DEFAULT NULL,
    PRIMARY KEY(ID_MICROSERVICIO, NOMBRE_MICROSERVICIO)
  );

  COMMIT;

  /*TABLA ROLES*/
  CREATE TABLE `MODULO` (
    `ID_MODULO` VARCHAR(100) NOT NULL,
    `NOMBRE_MODULO` VARCHAR(100) NOT NULL,
    `DETALLES` VARCHAR(1000) NOT NULL,
    `URL_MODULO` VARCHAR(1000) NOT NULL,
    `ALIAS_MODULO` VARCHAR(100) NOT NULL,
    `URL_ALIAS_MODULO` VARCHAR(1000) NOT NULL,
    `ICON_MODULO` VARCHAR(100) DEFAULT NULL,
    `ORDEN` INT(10) NOT NULL,
    `FECHA_CREACION` DATE NOT NULL,
    `HORA_CREACION` TIME NOT NULL,
    `FECHA_ACTUALIZACION` DATE DEFAULT NULL,
    `HORA_ACTUALIZACION` TIME DEFAULT NULL,
    PRIMARY KEY(ID_MODULO, NOMBRE_MODULO)
  );

  COMMIT;

  /*TABLA CONFIGURACION_MICROSERVICIOS_MODULOS*/
  CREATE TABLE `CONFIGURACION_MICROSERVICIOS_MODULOS` (
    `ID_CONFIGURACION` VARCHAR(100) NOT NULL,
    `ID_MICROSERVICIO` VARCHAR(100) NOT NULL,
    `NOMBRE_MICROSERVICIO` VARCHAR(100) NOT NULL,
    `ID_MODULO` VARCHAR(100) NOT NULL,
    `NOMBRE_MODULO` VARCHAR(100) NOT NULL,
    `FECHA_CREACION` DATE NOT NULL,
    `HORA_CREACION` TIME NOT NULL,
    PRIMARY KEY(ID_CONFIGURACION),
    FOREIGN KEY (ID_MICROSERVICIO, NOMBRE_MICROSERVICIO) REFERENCES MICROSERVICIOS(ID_MICROSERVICIO, NOMBRE_MICROSERVICIO) ON UPDATE CASCADE ON DELETE CASCADE,
    FOREIGN KEY (ID_MODULO, NOMBRE_MODULO) REFERENCES MODULO(ID_MODULO, NOMBRE_MODULO) ON UPDATE CASCADE ON DELETE CASCADE
  );

  COMMIT;

   /*TABLA CONFIGURACION_USUARIOS*/
  CREATE TABLE `CONFIGURACION_USUARIOS` (
    `ID_CONFIGURACION_USUARIO` VARCHAR(100) NOT NULL,
    `ID_USUARIO` VARCHAR(100) NOT NULL,
    `EMAIL` VARCHAR(100) NOT NULL,
    `ID_MICROSERVICIO` VARCHAR(100) NOT NULL,
    `NOMBRE_MICROSERVICIO` VARCHAR(100) NOT NULL,
    `ID_MODULO` VARCHAR(100) NOT NULL,
    `NOMBRE_MODULO` VARCHAR(100) NOT NULL,
    `FECHA_CREACION` DATE NOT NULL,
    `HORA_CREACION` TIME NOT NULL,
    PRIMARY KEY(ID_CONFIGURACION_USUARIO),
    FOREIGN KEY (ID_USUARIO, EMAIL) REFERENCES USUARIOS(ID_USUARIO, EMAIL) ON UPDATE CASCADE ON DELETE CASCADE,
    FOREIGN KEY (ID_MICROSERVICIO, NOMBRE_MICROSERVICIO) REFERENCES MICROSERVICIOS(ID_MICROSERVICIO, NOMBRE_MICROSERVICIO) ON UPDATE CASCADE ON DELETE CASCADE,
    FOREIGN KEY (ID_MODULO, NOMBRE_MODULO) REFERENCES MODULO(ID_MODULO, NOMBRE_MODULO) ON UPDATE CASCADE ON DELETE CASCADE
  );

  COMMIT;

  /*TABLA ROLES*/
  CREATE TABLE IF NOT EXISTS `ROLES` (
    `ID_ROL` VARCHAR(100) NOT NULL,
    `NOMBRE_ROL` VARCHAR(100) NOT NULL,
    `DETALLES` VARCHAR(1000) NOT NULL,
    `FECHA_CREACION` DATE NOT NULL,
    `HORA_CREACION` TIME NOT NULL,
    `FECHA_ACTUALIZACION` DATE DEFAULT NULL,
    `HORA_ACTUALIZACION` TIME DEFAULT NULL,
    PRIMARY KEY (ID_ROL, NOMBRE_ROL)
  );

  COMMIT;

  /*TABLA CONFIGURAICON_ROLES*/
  CREATE TABLE IF NOT EXISTS `CONFIGURACION_ROLES` (
    `ID_CONFIGURACION_ROLES`VARCHAR(100) NOT NULL,
    `ID_USUARIO` VARCHAR(100) NOT NULL,
    `EMAIL` VARCHAR(100) NOT NULL,
    `ID_ROL` VARCHAR(100) NOT NULL,
    `NOMBRE_ROL` VARCHAR(100) NOT NULL,
    `FECHA_CREACION` DATE NOT NULL,
    `HORA_CREACION` TIME NOT NULL,
    PRIMARY KEY (ID_CONFIGURACION_ROLES),
    FOREIGN KEY (ID_USUARIO, EMAIL) REFERENCES USUARIOS(ID_USUARIO, EMAIL) ON UPDATE CASCADE ON DELETE CASCADE,
    FOREIGN KEY (ID_ROL, NOMBRE_ROL) REFERENCES ROLES(ID_ROL, NOMBRE_ROL)  ON UPDATE CASCADE ON DELETE CASCADE
  );

  COMMIT;

  /* TABLA DISPOSITIVOS */
  CREATE TABLE `DISPOSITIVOS` (
    `ID_DISPOSITIVO` VARCHAR(100) NOT NULL,
    `TOKEN` LONGTEXT NOT NULL,
    `MARCA` VARCHAR(100) NOT NULL,
    `REFERENCIA` VARCHAR(10) NOT NULL,
    `LATITUD` VARCHAR(50) NOT NULL,
    `LONGITUD` VARCHAR(100) NOT NULL,
    `ID_MICROSERVICIO` VARCHAR(100) NOT NULL,
    `NOMBRE_MICROSERVICIO` VARCHAR(100) NOT NULL,
    `EMAIL_RESPONSABLE` VARCHAR(100) NOT NULL,
    `PASSWORD` VARCHAR(100) NOT NULL,
    `PASSWORD_ACTIVA`  BOOLEAN DEFAULT FALSE,
    `PASSWORD_AUTENTICACION` VARCHAR(100) DEFAULT NULL,
    `DISPOSITIVO_ACTIVO` BOOLEAN DEFAULT FALSE,
    `FECHA_ACTUALIZACION_PASSWORD` DATE DEFAULT NULL,
    `HORA_ACTUALIZACION_PASSWORD` TIME DEFAULT NULL,
    `FECHA_CREACION` DATE NOT NULL,
    `HORA_CREACION` TIME NOT NULL,
    `FECHA_ACTUALIZACION` DATE DEFAULT NULL,
    `HORA_ACTUALIZACION` TIME DEFAULT NULL,
    PRIMARY KEY(ID_DISPOSITIVO),
    FOREIGN KEY (ID_MICROSERVICIO, NOMBRE_MICROSERVICIO) REFERENCES MICROSERVICIOS(ID_MICROSERVICIO, NOMBRE_MICROSERVICIO) ON UPDATE CASCADE ON DELETE CASCADE
  );

  SELECT 'Tablas creadas';

  COMMIT;

  /*Asignar los permisos al usario DBADEV para las tablas creadas */
	GRANT SELECT, INSERT, UPDATE, DELETE ON API_AUTH.USUARIOS TO 'DBA_AUTH'@'%';
	GRANT SELECT, INSERT, UPDATE, DELETE ON API_AUTH.MICROSERVICIOS TO 'DBA_AUTH'@'%';
	GRANT SELECT, INSERT, UPDATE, DELETE ON API_AUTH.MODULO TO 'DBA_AUTH'@'%'; 
	GRANT SELECT, INSERT, UPDATE, DELETE ON API_AUTH.CONFIGURACION_MICROSERVICIOS_MODULOS TO 'DBA_AUTH'@'%'; 
	GRANT SELECT, INSERT, UPDATE, DELETE ON API_AUTH.CONFIGURACION_USUARIOS TO 'DBA_AUTH'@'%';
	GRANT SELECT, INSERT, UPDATE, DELETE ON API_AUTH.DISPOSITIVOS TO 'DBA_AUTH'@'%'; 
	FLUSH PRIVILEGES;
	
	COMMIT;
	
	SELECT 'Permisos asignados';

  INSERT INTO USUARIOS (ID_USUARIO, NOMBRES, APELLIDOS, TIPO_DOC_ID, NUMERO_DOC_ID, EMAIL, `PASSWORD`, FECHA_CREACION, HORA_CREACION, FECHA_ACTUALIZACION, HORA_ACTUALIZACION, ACTIVO, PASSWORD_AUTENTICACION, FECHA_ACTUALIZACION_PASSWORD, HORA_ACTUALIZACION_PASSWORD, PASSWORD_ACTIVA) VALUES('352eee33-7bcd-11eb-af69-0897988520bf', 'Zeida María', 'Solarte', 'CC', '12345', 'zsolarte@uao.edu.co', '$2b$10$j4eTLcI8GKlujjK30QWSLeC4kfvHCefU/H.fL2XlebmbpCuBME./S', '2021-03-02', '22:04:45', NULL, NULL, 1, '$2b$10$2mJnQqyTvt0G/H9r7SPjtud4RkZVigixJARi3ge.BsB8UgAV9RD6S', '2021-03-17', '19:06:52', 1);
  INSERT INTO USUARIOS (ID_USUARIO, NOMBRES, APELLIDOS, TIPO_DOC_ID, NUMERO_DOC_ID, EMAIL, `PASSWORD`, FECHA_CREACION, HORA_CREACION, FECHA_ACTUALIZACION, HORA_ACTUALIZACION, ACTIVO, PASSWORD_AUTENTICACION, FECHA_ACTUALIZACION_PASSWORD, HORA_ACTUALIZACION_PASSWORD, PASSWORD_ACTIVA) VALUES('493009ec-807b-11eb-bed9-0897988520bf', 'Juan Esteban', 'Garcia', 'CC', '1728942', 'juan_esteban.garcia@uao.edu.co', '$2b$10$/7vajiRu1SD5pXnm9MfXVObrzPUOWfjwBTneUseoDY6g40h/AYKHK', '2021-03-08', '21:00:56', '2021-03-10', '21:44:28', 1, '$2b$10$i.OcuNc5kwd4W6c1NscQzu5PDETpsb66Ea9khX2noX/9NgNNxAtHO', '2021-03-29', '21:19:56', 1);
  INSERT INTO USUARIOS (ID_USUARIO, NOMBRES, APELLIDOS, TIPO_DOC_ID, NUMERO_DOC_ID, EMAIL, `PASSWORD`, FECHA_CREACION, HORA_CREACION, FECHA_ACTUALIZACION, HORA_ACTUALIZACION, ACTIVO, PASSWORD_AUTENTICACION, FECHA_ACTUALIZACION_PASSWORD, HORA_ACTUALIZACION_PASSWORD, PASSWORD_ACTIVA) VALUES('b8d4c7d4-718d-11eb-bf0e-0897988520bf', 'Juan Esteban', 'Nichoy Larrañaga', 'CC', '1107527844', 'juan.nichoy@uao.edu.co', '$2b$10$.EaZ8LJjQpJOncYCU0bCP.xGzI49J0a4G7nvlZ2dy3cR7CZmNmsq.', '2021-02-17', '21:05:07', NULL, NULL, 1, '$2b$10$.EaZ8LJjQpJOncYCU0bCP.xGzI49J0a4G7nvlZ2dy3cR7CZmNmsq.', NULL, NULL, 1);
  INSERT INTO USUARIOS (ID_USUARIO, NOMBRES, APELLIDOS, TIPO_DOC_ID, NUMERO_DOC_ID, EMAIL, `PASSWORD`, FECHA_CREACION, HORA_CREACION, FECHA_ACTUALIZACION, HORA_ACTUALIZACION, ACTIVO, PASSWORD_AUTENTICACION, FECHA_ACTUALIZACION_PASSWORD, HORA_ACTUALIZACION_PASSWORD, PASSWORD_ACTIVA) VALUES('f41256a5-748a-11eb-83c5-0897988520bf', 'Isabel', 'Larrañaga', 'CC', '30736387', 'isabel.larranaga@uao.edu.co', '$2b$10$.QqMbrKsdjb3w48YiOtD8OlTk69J.eHbVLFh/bkhB49xp.fx0ey/G', '2021-02-21', '16:22:51', NULL, NULL, 1, NULL, NULL, NULL, 0);

  COMMIT;

 

  INSERT INTO MICROSERVICIOS (ID_MICROSERVICIO, NOMBRE_MICROSERVICIO, DETALLES, URL_MICROSERVICIO, ALIAS_MICROSERIVICIO, URL_ALIAS_MICROSERVICIO, ORDEN, FECHA_CREACION, HORA_CREACION, FECHA_ACTUALIZACION, HORA_ACTUALIZACION, ICON_MICROSERVICIO) VALUES('3cdb121b-738e-11eb-a603-0897988520bf', 'AUTENTICACION_NS', 'Microservicio encargado de administrar los servicios de configuración de la autenticación de los usuarios, MICROSERVICIOS y módulos', ':3020/api', 'Autenticación', 'null', 1, '2021-02-20', '10:13:50', '2021-03-12', '18:47:28', 'character-authorize');
  INSERT INTO MICROSERVICIOS (ID_MICROSERVICIO, NOMBRE_MICROSERVICIO, DETALLES, URL_MICROSERVICIO, ALIAS_MICROSERIVICIO, URL_ALIAS_MICROSERVICIO, ORDEN, FECHA_CREACION, HORA_CREACION, FECHA_ACTUALIZACION, HORA_ACTUALIZACION, ICON_MICROSERVICIO) VALUES('574194a4-7469-11eb-83c5-0897988520bf', 'LORA_NS', 'Microservicio encargado de administrar los servicios de configuración de lora', ':3040/api', 'Lora', 'null', 3, '2021-02-21', '12:22:14', '2021-03-30', '15:21:08', 'wifi');
  INSERT INTO MICROSERVICIOS (ID_MICROSERVICIO, NOMBRE_MICROSERVICIO, DETALLES, URL_MICROSERVICIO, ALIAS_MICROSERIVICIO, URL_ALIAS_MICROSERVICIO, ORDEN, FECHA_CREACION, HORA_CREACION, FECHA_ACTUALIZACION, HORA_ACTUALIZACION, ICON_MICROSERVICIO) VALUES('fa990d16-7191-11eb-bf0e-0897988520bf', 'SENSORES_NS', 'Microservicio encargado de administrar los nodos sensores, variables, configuración y datos', ':3010/api', 'Sensores', 'null', 2, '2021-02-17', '21:35:35', '2021-02-18', '22:12:04', 'related-map');

  COMMIT;

  INSERT INTO MODULO (ID_MODULO, NOMBRE_MODULO, DETALLES, URL_MODULO, ALIAS_MODULO, URL_ALIAS_MODULO, ORDEN, FECHA_CREACION, HORA_CREACION, FECHA_ACTUALIZACION, HORA_ACTUALIZACION, ICON_MODULO) VALUES('260c7304-73aa-11eb-8343-0897988520bf', 'CONFIGURACION_MICROSERVICIOS_MODULOS', 'Módulo encargado de administrar la creación de la configuracón de los MICROSERVICIOS con lo módulos, consulta de configuración y eliminar configuración', 'host:3020/api/configuracion_microservicio_modulos', 'Configuración Microservicios y Módulos', '/Administrator/Authentication/ConfiguracionMSM', 5, '2021-02-20', '13:33:38', '2021-03-12', '20:43:17', 'fas fa-cog');
  INSERT INTO MODULO (ID_MODULO, NOMBRE_MODULO, DETALLES, URL_MODULO, ALIAS_MODULO, URL_ALIAS_MODULO, ORDEN, FECHA_CREACION, HORA_CREACION, FECHA_ACTUALIZACION, HORA_ACTUALIZACION, ICON_MODULO) VALUES('37a5c600-7261-11eb-b51c-0897988520bf', 'CONFIGURACION_VARIABLES_NODO_SENSOR', 'Módulo encargado de administrar la configuración de variables con los nodos sensores, consulta de configuración y eliminar de las configuraciones', 'host:3030/api/configuracionVariablesNodoSensor', 'Configuración Variables ', '/Administrator/Sensores/ConfiguracionVNS', 3, '2021-02-18', '22:19:03', NULL, NULL, 'fas fa-cog');
  INSERT INTO MODULO (ID_MODULO, NOMBRE_MODULO, DETALLES, URL_MODULO, ALIAS_MODULO, URL_ALIAS_MODULO, ORDEN, FECHA_CREACION, HORA_CREACION, FECHA_ACTUALIZACION, HORA_ACTUALIZACION, ICON_MODULO) VALUES('4c4551bd-73aa-11eb-8343-0897988520bf', 'CONFIGURACION_USUARIOS', 'Módulo encargado de administrar la creación de la configuracón de usuarios, consulta de configuración y eliminar configuración', 'host:3020/api/CONFIGURACION_USUARIOS', 'Configuración Usuarios', '/Administrator/Authentication/ConfiguracionUsuarios', 6, '2021-02-20', '13:34:42', NULL, NULL, 'fas fa-user-cog');
  INSERT INTO MODULO (ID_MODULO, NOMBRE_MODULO, DETALLES, URL_MODULO, ALIAS_MODULO, URL_ALIAS_MODULO, ORDEN, FECHA_CREACION, HORA_CREACION, FECHA_ACTUALIZACION, HORA_ACTUALIZACION, ICON_MODULO) VALUES('5f4a9b20-738e-11eb-a603-0897988520bf', 'USUARIOS', 'Módulo encargado de administrar la creació de los usuarios, consulta de usuarios, actualizar usuarios y eliminar de las usuarios', 'host:3020/api/usuarios', 'Usuarios', '/Administrator/Authentication/Usuarios', 1, '2021-02-20', '10:14:48', NULL, NULL, 'fas fa-user-circle');
  INSERT INTO MODULO (ID_MODULO, NOMBRE_MODULO, DETALLES, URL_MODULO, ALIAS_MODULO, URL_ALIAS_MODULO, ORDEN, FECHA_CREACION, HORA_CREACION, FECHA_ACTUALIZACION, HORA_ACTUALIZACION, ICON_MODULO) VALUES('742209f4-73aa-11eb-8343-0897988520bf', 'ROLES', 'Módulo encargado de administrar la creación de roles, consulta de roles, actualizar roles y eliminar roles', 'host:3020/api/roles', 'Roles', '/Administrator/Authentication/Roles', 4, '2021-02-20', '13:35:49', NULL, NULL, 'fas fa-user-tag');
  INSERT INTO MODULO (ID_MODULO, NOMBRE_MODULO, DETALLES, URL_MODULO, ALIAS_MODULO, URL_ALIAS_MODULO, ORDEN, FECHA_CREACION, HORA_CREACION, FECHA_ACTUALIZACION, HORA_ACTUALIZACION, ICON_MODULO) VALUES('9566fe2c-73a9-11eb-8343-0897988520bf', 'MICROSERVICIOS', 'Módulo encargado de administrar la creació de los MICROSERVICIOS, consulta de MICROSERVICIOS, actualizar MICROSERVICIOS y eliminar de los MICROSERVICIOS', 'host:3020/api/MICROSERVICIOS', 'Microservicios', '/Administrator/Authentication/Microservicios', 2, '2021-02-20', '13:29:35', '2021-03-12', '20:36:48', 'fab fa-docker');
  INSERT INTO MODULO (ID_MODULO, NOMBRE_MODULO, DETALLES, URL_MODULO, ALIAS_MODULO, URL_ALIAS_MODULO, ORDEN, FECHA_CREACION, HORA_CREACION, FECHA_ACTUALIZACION, HORA_ACTUALIZACION, ICON_MODULO) VALUES('9c8dcfc4-8c49-11eb-8285-0897988520bf', 'DATOS_NODO_SENSORES', 'Módulo encargado de administrar los datos generados por los nodos sensores según las variables, únicamente se puede consultar', 'host:3030/api/nodoSensor', 'Datos Nodo Sensores', '/Administrator/Sensores/DatosNodoSensor', 5, '2021-03-23', '21:35:35', NULL, NULL, 'fas fa-table');
  INSERT INTO MODULO (ID_MODULO, NOMBRE_MODULO, DETALLES, URL_MODULO, ALIAS_MODULO, URL_ALIAS_MODULO, ORDEN, FECHA_CREACION, HORA_CREACION, FECHA_ACTUALIZACION, HORA_ACTUALIZACION, ICON_MODULO) VALUES('abb636d1-73aa-11eb-8343-0897988520bf', 'CONFIGURACION_ROLES', 'Módulo encargado de administrar la creación de configuracion de roles, consulta de configuracion, eliminar configuracion', 'host:3020/api/configuracionRol', 'Configuración Roles', '/Administrator/Authentication/ConfiguracionRoles', 7, '2021-02-20', '13:37:22', NULL, NULL, 'fas fa-users-cog');
  INSERT INTO MODULO (ID_MODULO, NOMBRE_MODULO, DETALLES, URL_MODULO, ALIAS_MODULO, URL_ALIAS_MODULO, ORDEN, FECHA_CREACION, HORA_CREACION, FECHA_ACTUALIZACION, HORA_ACTUALIZACION, ICON_MODULO) VALUES('af944629-919c-11eb-a24d-0897988520bf', 'DISPOSITIVOS', 'Módulo para la administración de todos los dispositivos de la plataforma, dependiendo del los permisos que tenga el usuario puede acceder a ver los dispositivos de forma global o únicamente del microservicio correspondiente', 'host:3020/api/dispositivos', 'Dispositivos', '/Administrator/Authentication/Dispositivos', 8, '2021-03-30', '16:12:51', '2021-03-30', '16:14:54', 'fas fa-tablet-alt');
  INSERT INTO MODULO (ID_MODULO, NOMBRE_MODULO, DETALLES, URL_MODULO, ALIAS_MODULO, URL_ALIAS_MODULO, ORDEN, FECHA_CREACION, HORA_CREACION, FECHA_ACTUALIZACION, HORA_ACTUALIZACION, ICON_MODULO) VALUES('c8a7bde1-7254-11eb-b51c-0897988520bf', 'VARIABLES_NODO_SENSOR', 'Módulo encargado de administrar las variables de los nodos sensores, consulta de variables, actualización y eliminar de las variables', 'host:3030/api/variablesNodoSensor', 'Variables Nodo Sensor', '/Administrator/Sensores/VariablesNodoSensor', 2, '2021-02-18', '20:50:03', NULL, NULL, 'fas fa-tasks');
  INSERT INTO MODULO (ID_MODULO, NOMBRE_MODULO, DETALLES, URL_MODULO, ALIAS_MODULO, URL_ALIAS_MODULO, ORDEN, FECHA_CREACION, HORA_CREACION, FECHA_ACTUALIZACION, HORA_ACTUALIZACION, ICON_MODULO) VALUES('db3275a1-9194-11eb-a24d-0897988520bf', 'NODO_SENSORES_LORA', 'Dispositivos de lora ', 'host:3050/api/', 'Nodo Sensores Lora', '/test/test/lora', 1, '2021-03-30', '15:16:48', '2021-03-30', '15:24:45', 'fas fa-satellite-dish');
  INSERT INTO MODULO (ID_MODULO, NOMBRE_MODULO, DETALLES, URL_MODULO, ALIAS_MODULO, URL_ALIAS_MODULO, ORDEN, FECHA_CREACION, HORA_CREACION, FECHA_ACTUALIZACION, HORA_ACTUALIZACION, ICON_MODULO) VALUES('dc1e8e02-73a9-11eb-8343-0897988520bf', 'MODULOS', 'Módulo encargado de administrar la creación de los módulos, consulta de módulos, actualizar módulos y eliminar módulos', 'host:3020/api/modulos', 'Módulos', '/Administrator/Authentication/Modulos', 3, '2021-02-20', '13:31:34', NULL, NULL, 'fas fa-sitemap');
  INSERT INTO MODULO (ID_MODULO, NOMBRE_MODULO, DETALLES, URL_MODULO, ALIAS_MODULO, URL_ALIAS_MODULO, ORDEN, FECHA_CREACION, HORA_CREACION, FECHA_ACTUALIZACION, HORA_ACTUALIZACION, ICON_MODULO) VALUES('de0f9572-746a-11eb-83c5-0897988520bf', 'CONFIGURACION_REGLAS_NODO_SENSOR', 'Módulo encargado de administrar; la creación de configuracion de reglas, consulta de reglas y  eliminar reglas', 'host:3020/api/reglasNodoSensor', 'Configuración Reglas Nodo Sensor', '/Administrator/Sensores/ConfiguracionRNS', 4, '2021-02-21', '12:33:10', '2021-03-21', '12:26:39', 'fas fa-ruler');
  INSERT INTO MODULO (ID_MODULO, NOMBRE_MODULO, DETALLES, URL_MODULO, ALIAS_MODULO, URL_ALIAS_MODULO, ORDEN, FECHA_CREACION, HORA_CREACION, FECHA_ACTUALIZACION, HORA_ACTUALIZACION, ICON_MODULO) VALUES('ee97e9f8-724f-11eb-b51c-0897988520bf', 'NODO_SENSORES', 'Módulo encargado de administrar la configuración de los nodos sensores, consulta de nodo sensores, actualización y eliminar los nodo sensores', 'host:3030/api/nodoSensor', 'Nodo Sensores Inundaciones', '/Administrator/Sensores/NodoSensores', 1, '2021-02-18', '20:15:19', '2021-04-03', '22:10:07', 'fas fa-satellite-dish');

  COMMIT;

  INSERT INTO CONFIGURACION_MICROSERVICIOS_MODULOS (ID_CONFIGURACION, ID_MICROSERVICIO, NOMBRE_MICROSERVICIO, ID_MODULO, NOMBRE_MODULO, FECHA_CREACION, HORA_CREACION) VALUES('0e143c04-9195-11eb-a24d-0897988520bf', '574194a4-7469-11eb-83c5-0897988520bf', 'LORA_NS', 'db3275a1-9194-11eb-a24d-0897988520bf', 'NODO_SENSORES_LORA', '2021-03-30', '15:18:13');
  INSERT INTO CONFIGURACION_MICROSERVICIOS_MODULOS (ID_CONFIGURACION, ID_MICROSERVICIO, NOMBRE_MICROSERVICIO, ID_MODULO, NOMBRE_MODULO, FECHA_CREACION, HORA_CREACION) VALUES('1a1f88a5-7260-11eb-b51c-0897988520bf', 'fa990d16-7191-11eb-bf0e-0897988520bf', 'SENSORES_NS', 'ee97e9f8-724f-11eb-b51c-0897988520bf', 'NODO_SENSORES', '2021-02-18', '22:11:04');
  INSERT INTO CONFIGURACION_MICROSERVICIOS_MODULOS (ID_CONFIGURACION, ID_MICROSERVICIO, NOMBRE_MICROSERVICIO, ID_MODULO, NOMBRE_MODULO, FECHA_CREACION, HORA_CREACION) VALUES('2b3e248d-73aa-11eb-8343-0897988520bf', '3cdb121b-738e-11eb-a603-0897988520bf', 'AUTENTICACION_NS', '260c7304-73aa-11eb-8343-0897988520bf', 'CONFIGURACION_MICROSERVICIOS_MODULOS', '2021-02-20', '13:33:47');
  INSERT INTO CONFIGURACION_MICROSERVICIOS_MODULOS (ID_CONFIGURACION, ID_MICROSERVICIO, NOMBRE_MICROSERVICIO, ID_MODULO, NOMBRE_MODULO, FECHA_CREACION, HORA_CREACION) VALUES('54647fab-73aa-11eb-8343-0897988520bf', '3cdb121b-738e-11eb-a603-0897988520bf', 'AUTENTICACION_NS', '4c4551bd-73aa-11eb-8343-0897988520bf', 'CONFIGURACION_USUARIOS', '2021-02-20', '13:34:56');
  INSERT INTO CONFIGURACION_MICROSERVICIOS_MODULOS (ID_CONFIGURACION, ID_MICROSERVICIO, NOMBRE_MICROSERVICIO, ID_MODULO, NOMBRE_MODULO, FECHA_CREACION, HORA_CREACION) VALUES('6c47c84d-738e-11eb-a603-0897988520bf', '3cdb121b-738e-11eb-a603-0897988520bf', 'AUTENTICACION_NS', '5f4a9b20-738e-11eb-a603-0897988520bf', 'USUARIOS', '2021-02-20', '10:15:10');
  INSERT INTO CONFIGURACION_MICROSERVICIOS_MODULOS (ID_CONFIGURACION, ID_MICROSERVICIO, NOMBRE_MICROSERVICIO, ID_MODULO, NOMBRE_MODULO, FECHA_CREACION, HORA_CREACION) VALUES('7678d412-73aa-11eb-8343-0897988520bf', '3cdb121b-738e-11eb-a603-0897988520bf', 'AUTENTICACION_NS', '742209f4-73aa-11eb-8343-0897988520bf', 'ROLES', '2021-02-20', '13:35:53');
  INSERT INTO CONFIGURACION_MICROSERVICIOS_MODULOS (ID_CONFIGURACION, ID_MICROSERVICIO, NOMBRE_MICROSERVICIO, ID_MODULO, NOMBRE_MODULO, FECHA_CREACION, HORA_CREACION) VALUES('8887287b-884a-11eb-8418-0897988520bf', 'fa990d16-7191-11eb-bf0e-0897988520bf', 'SENSORES_NS', '37a5c600-7261-11eb-b51c-0897988520bf', 'CONFIGURACION_VARIABLES_NODO_SENSOR', '2021-03-18', '19:32:06');
  INSERT INTO CONFIGURACION_MICROSERVICIOS_MODULOS (ID_CONFIGURACION, ID_MICROSERVICIO, NOMBRE_MICROSERVICIO, ID_MODULO, NOMBRE_MODULO, FECHA_CREACION, HORA_CREACION) VALUES('9cfaea67-73a9-11eb-8343-0897988520bf', '3cdb121b-738e-11eb-a603-0897988520bf', 'AUTENTICACION_NS', '9566fe2c-73a9-11eb-8343-0897988520bf', 'MICROSERVICIOS', '2021-02-20', '13:29:48');
  INSERT INTO CONFIGURACION_MICROSERVICIOS_MODULOS (ID_CONFIGURACION, ID_MICROSERVICIO, NOMBRE_MICROSERVICIO, ID_MODULO, NOMBRE_MODULO, FECHA_CREACION, HORA_CREACION) VALUES('9e325eb5-8a6a-11eb-84d1-0897988520bf', 'fa990d16-7191-11eb-bf0e-0897988520bf', 'SENSORES_NS', 'de0f9572-746a-11eb-83c5-0897988520bf', 'CONFIGURACION_REGLAS_NODO_SENSOR', '2021-03-21', '12:26:49');
  INSERT INTO CONFIGURACION_MICROSERVICIOS_MODULOS (ID_CONFIGURACION, ID_MICROSERVICIO, NOMBRE_MICROSERVICIO, ID_MODULO, NOMBRE_MODULO, FECHA_CREACION, HORA_CREACION) VALUES('a59ea401-8c49-11eb-8285-0897988520bf', 'fa990d16-7191-11eb-bf0e-0897988520bf', 'SENSORES_NS', '9c8dcfc4-8c49-11eb-8285-0897988520bf', 'DATOS_NODO_SENSORES', '2021-03-23', '21:35:50');
  INSERT INTO CONFIGURACION_MICROSERVICIOS_MODULOS (ID_CONFIGURACION, ID_MICROSERVICIO, NOMBRE_MICROSERVICIO, ID_MODULO, NOMBRE_MODULO, FECHA_CREACION, HORA_CREACION) VALUES('ae74be7f-73aa-11eb-8343-0897988520bf', '3cdb121b-738e-11eb-a603-0897988520bf', 'AUTENTICACION_NS', 'abb636d1-73aa-11eb-8343-0897988520bf', 'CONFIGURACION_ROLES', '2021-02-20', '13:37:27');
  INSERT INTO CONFIGURACION_MICROSERVICIOS_MODULOS (ID_CONFIGURACION, ID_MICROSERVICIO, NOMBRE_MICROSERVICIO, ID_MODULO, NOMBRE_MODULO, FECHA_CREACION, HORA_CREACION) VALUES('b0c3a316-7263-11eb-b51c-0897988520bf', 'fa990d16-7191-11eb-bf0e-0897988520bf', 'SENSORES_NS', 'c8a7bde1-7254-11eb-b51c-0897988520bf', 'VARIABLES_NODO_SENSOR', '2021-02-18', '22:36:45');
  INSERT INTO CONFIGURACION_MICROSERVICIOS_MODULOS (ID_CONFIGURACION, ID_MICROSERVICIO, NOMBRE_MICROSERVICIO, ID_MODULO, NOMBRE_MODULO, FECHA_CREACION, HORA_CREACION) VALUES('bd389357-919c-11eb-a24d-0897988520bf', '3cdb121b-738e-11eb-a603-0897988520bf', 'AUTENTICACION_NS', 'af944629-919c-11eb-a24d-0897988520bf', 'DISPOSITIVOS', '2021-03-30', '16:13:14');
  INSERT INTO CONFIGURACION_MICROSERVICIOS_MODULOS (ID_CONFIGURACION, ID_MICROSERVICIO, NOMBRE_MICROSERVICIO, ID_MODULO, NOMBRE_MODULO, FECHA_CREACION, HORA_CREACION) VALUES('e576b60d-73a9-11eb-8343-0897988520bf', '3cdb121b-738e-11eb-a603-0897988520bf', 'AUTENTICACION_NS', 'dc1e8e02-73a9-11eb-8343-0897988520bf', 'MODULOS', '2021-02-20', '13:31:50');

  COMMIT;

  INSERT INTO CONFIGURACION_USUARIOS (ID_CONFIGURACION_USUARIO, ID_USUARIO, EMAIL, ID_MICROSERVICIO, NOMBRE_MICROSERVICIO, ID_MODULO, NOMBRE_MODULO, FECHA_CREACION, HORA_CREACION) VALUES('183f5a9c-7329-11eb-81a4-0897988520bf', 'b8d4c7d4-718d-11eb-bf0e-0897988520bf', 'juan.nichoy@uao.edu.co', 'fa990d16-7191-11eb-bf0e-0897988520bf', 'SENSORES_NS', 'ee97e9f8-724f-11eb-b51c-0897988520bf', 'NODO_SENSORES', '2021-02-19', '22:09:50');
  INSERT INTO CONFIGURACION_USUARIOS (ID_CONFIGURACION_USUARIO, ID_USUARIO, EMAIL, ID_MICROSERVICIO, NOMBRE_MICROSERVICIO, ID_MODULO, NOMBRE_MODULO, FECHA_CREACION, HORA_CREACION) VALUES('2e0f1092-73aa-11eb-8343-0897988520bf', 'b8d4c7d4-718d-11eb-bf0e-0897988520bf', 'juan.nichoy@uao.edu.co', '3cdb121b-738e-11eb-a603-0897988520bf', 'AUTENTICACION_NS', '260c7304-73aa-11eb-8343-0897988520bf', 'CONFIGURACION_MICROSERVICIOS_MODULOS', '2021-02-20', '13:33:51');
  INSERT INTO CONFIGURACION_USUARIOS (ID_CONFIGURACION_USUARIO, ID_USUARIO, EMAIL, ID_MICROSERVICIO, NOMBRE_MICROSERVICIO, ID_MODULO, NOMBRE_MODULO, FECHA_CREACION, HORA_CREACION) VALUES('55cc6b3b-73aa-11eb-8343-0897988520bf', 'b8d4c7d4-718d-11eb-bf0e-0897988520bf', 'juan.nichoy@uao.edu.co', '3cdb121b-738e-11eb-a603-0897988520bf', 'AUTENTICACION_NS', '4c4551bd-73aa-11eb-8343-0897988520bf', 'CONFIGURACION_USUARIOS', '2021-02-20', '13:34:58');
  INSERT INTO CONFIGURACION_USUARIOS (ID_CONFIGURACION_USUARIO, ID_USUARIO, EMAIL, ID_MICROSERVICIO, NOMBRE_MICROSERVICIO, ID_MODULO, NOMBRE_MODULO, FECHA_CREACION, HORA_CREACION) VALUES('563f44c9-94f3-11eb-9356-0897988520bf', '493009ec-807b-11eb-bed9-0897988520bf', 'juan_esteban.garcia@uao.edu.co', 'fa990d16-7191-11eb-bf0e-0897988520bf', 'SENSORES_NS', 'ee97e9f8-724f-11eb-b51c-0897988520bf', 'NODO_SENSORES', '2021-04-03', '22:10:40');
  INSERT INTO CONFIGURACION_USUARIOS (ID_CONFIGURACION_USUARIO, ID_USUARIO, EMAIL, ID_MICROSERVICIO, NOMBRE_MICROSERVICIO, ID_MODULO, NOMBRE_MODULO, FECHA_CREACION, HORA_CREACION) VALUES('657fba11-732c-11eb-81a4-0897988520bf', 'b8d4c7d4-718d-11eb-bf0e-0897988520bf', 'juan.nichoy@uao.edu.co', 'fa990d16-7191-11eb-bf0e-0897988520bf', 'SENSORES_NS', 'c8a7bde1-7254-11eb-b51c-0897988520bf', 'VARIABLES_NODO_SENSOR', '2021-02-19', '22:33:28');
  INSERT INTO CONFIGURACION_USUARIOS (ID_CONFIGURACION_USUARIO, ID_USUARIO, EMAIL, ID_MICROSERVICIO, NOMBRE_MICROSERVICIO, ID_MODULO, NOMBRE_MODULO, FECHA_CREACION, HORA_CREACION) VALUES('74deeffc-738e-11eb-a603-0897988520bf', 'b8d4c7d4-718d-11eb-bf0e-0897988520bf', 'juan.nichoy@uao.edu.co', '3cdb121b-738e-11eb-a603-0897988520bf', 'AUTENTICACION_NS', '5f4a9b20-738e-11eb-a603-0897988520bf', 'USUARIOS', '2021-02-20', '10:15:24');
  INSERT INTO CONFIGURACION_USUARIOS (ID_CONFIGURACION_USUARIO, ID_USUARIO, EMAIL, ID_MICROSERVICIO, NOMBRE_MICROSERVICIO, ID_MODULO, NOMBRE_MODULO, FECHA_CREACION, HORA_CREACION) VALUES('7a011563-73aa-11eb-8343-0897988520bf', 'b8d4c7d4-718d-11eb-bf0e-0897988520bf', 'juan.nichoy@uao.edu.co', '3cdb121b-738e-11eb-a603-0897988520bf', 'AUTENTICACION_NS', '742209f4-73aa-11eb-8343-0897988520bf', 'ROLES', '2021-02-20', '13:35:59');
  INSERT INTO CONFIGURACION_USUARIOS (ID_CONFIGURACION_USUARIO, ID_USUARIO, EMAIL, ID_MICROSERVICIO, NOMBRE_MICROSERVICIO, ID_MODULO, NOMBRE_MODULO, FECHA_CREACION, HORA_CREACION) VALUES('9bda8ba6-884a-11eb-8418-0897988520bf', 'b8d4c7d4-718d-11eb-bf0e-0897988520bf', 'juan.nichoy@uao.edu.co', 'fa990d16-7191-11eb-bf0e-0897988520bf', 'SENSORES_NS', '37a5c600-7261-11eb-b51c-0897988520bf', 'CONFIGURACION_VARIABLES_NODO_SENSOR', '2021-03-18', '19:32:38');
  INSERT INTO CONFIGURACION_USUARIOS (ID_CONFIGURACION_USUARIO, ID_USUARIO, EMAIL, ID_MICROSERVICIO, NOMBRE_MICROSERVICIO, ID_MODULO, NOMBRE_MODULO, FECHA_CREACION, HORA_CREACION) VALUES('a189ba2d-73a9-11eb-8343-0897988520bf', 'b8d4c7d4-718d-11eb-bf0e-0897988520bf', 'juan.nichoy@uao.edu.co', '3cdb121b-738e-11eb-a603-0897988520bf', 'AUTENTICACION_NS', '9566fe2c-73a9-11eb-8343-0897988520bf', 'MICROSERVICIOS', '2021-02-20', '13:29:56');
  INSERT INTO CONFIGURACION_USUARIOS (ID_CONFIGURACION_USUARIO, ID_USUARIO, EMAIL, ID_MICROSERVICIO, NOMBRE_MICROSERVICIO, ID_MODULO, NOMBRE_MODULO, FECHA_CREACION, HORA_CREACION) VALUES('ab893765-8a6a-11eb-84d1-0897988520bf', 'b8d4c7d4-718d-11eb-bf0e-0897988520bf', 'juan.nichoy@uao.edu.co', 'fa990d16-7191-11eb-bf0e-0897988520bf', 'SENSORES_NS', 'de0f9572-746a-11eb-83c5-0897988520bf', 'CONFIGURACION_REGLAS_NODO_SENSOR', '2021-03-21', '12:27:11');
  INSERT INTO CONFIGURACION_USUARIOS (ID_CONFIGURACION_USUARIO, ID_USUARIO, EMAIL, ID_MICROSERVICIO, NOMBRE_MICROSERVICIO, ID_MODULO, NOMBRE_MODULO, FECHA_CREACION, HORA_CREACION) VALUES('af745230-8c49-11eb-8285-0897988520bf', 'b8d4c7d4-718d-11eb-bf0e-0897988520bf', 'juan.nichoy@uao.edu.co', 'fa990d16-7191-11eb-bf0e-0897988520bf', 'SENSORES_NS', '9c8dcfc4-8c49-11eb-8285-0897988520bf', 'DATOS_NODO_SENSORES', '2021-03-23', '21:36:06');
  INSERT INTO CONFIGURACION_USUARIOS (ID_CONFIGURACION_USUARIO, ID_USUARIO, EMAIL, ID_MICROSERVICIO, NOMBRE_MICROSERVICIO, ID_MODULO, NOMBRE_MODULO, FECHA_CREACION, HORA_CREACION) VALUES('b0f15dd5-73aa-11eb-8343-0897988520bf', 'b8d4c7d4-718d-11eb-bf0e-0897988520bf', 'juan.nichoy@uao.edu.co', '3cdb121b-738e-11eb-a603-0897988520bf', 'AUTENTICACION_NS', 'abb636d1-73aa-11eb-8343-0897988520bf', 'CONFIGURACION_ROLES', '2021-02-20', '13:37:31');
  INSERT INTO CONFIGURACION_USUARIOS (ID_CONFIGURACION_USUARIO, ID_USUARIO, EMAIL, ID_MICROSERVICIO, NOMBRE_MICROSERVICIO, ID_MODULO, NOMBRE_MODULO, FECHA_CREACION, HORA_CREACION) VALUES('c68096db-919c-11eb-a24d-0897988520bf', 'b8d4c7d4-718d-11eb-bf0e-0897988520bf', 'juan.nichoy@uao.edu.co', '3cdb121b-738e-11eb-a603-0897988520bf', 'AUTENTICACION_NS', 'af944629-919c-11eb-a24d-0897988520bf', 'DISPOSITIVOS', '2021-03-30', '16:13:29');
  INSERT INTO CONFIGURACION_USUARIOS (ID_CONFIGURACION_USUARIO, ID_USUARIO, EMAIL, ID_MICROSERVICIO, NOMBRE_MICROSERVICIO, ID_MODULO, NOMBRE_MODULO, FECHA_CREACION, HORA_CREACION) VALUES('e6f70c7a-73a9-11eb-8343-0897988520bf', 'b8d4c7d4-718d-11eb-bf0e-0897988520bf', 'juan.nichoy@uao.edu.co', '3cdb121b-738e-11eb-a603-0897988520bf', 'AUTENTICACION_NS', 'dc1e8e02-73a9-11eb-8343-0897988520bf', 'MODULOS', '2021-02-20', '13:31:52');
  INSERT INTO CONFIGURACION_USUARIOS (ID_CONFIGURACION_USUARIO, ID_USUARIO, EMAIL, ID_MICROSERVICIO, NOMBRE_MICROSERVICIO, ID_MODULO, NOMBRE_MODULO, FECHA_CREACION, HORA_CREACION) VALUES('e88fc7b1-7b08-11eb-84a7-0897988520bf', 'f41256a5-748a-11eb-83c5-0897988520bf', 'isabel.larranaga@uao.edu.co', 'fa990d16-7191-11eb-bf0e-0897988520bf', 'SENSORES_NS', 'ee97e9f8-724f-11eb-b51c-0897988520bf', 'NODO_SENSORES', '2021-03-01', '22:39:35');
  INSERT INTO CONFIGURACION_USUARIOS (ID_CONFIGURACION_USUARIO, ID_USUARIO, EMAIL, ID_MICROSERVICIO, NOMBRE_MICROSERVICIO, ID_MODULO, NOMBRE_MODULO, FECHA_CREACION, HORA_CREACION) VALUES('f52d9c6d-877d-11eb-a2d8-0897988520bf', '352eee33-7bcd-11eb-af69-0897988520bf', 'zsolarte@uao.edu.co', '3cdb121b-738e-11eb-a603-0897988520bf', 'AUTENTICACION_NS', '5f4a9b20-738e-11eb-a603-0897988520bf', 'USUARIOS', '2021-03-17', '19:07:41');

  COMMIT;
  
  INSERT INTO DISPOSITIVOS (ID_DISPOSITIVO, TOKEN, MARCA, REFERENCIA, LATITUD, LONGITUD, ID_MICROSERVICIO, NOMBRE_MICROSERVICIO, EMAIL_RESPONSABLE, `PASSWORD`, PASSWORD_ACTIVA, PASSWORD_AUTENTICACION, DISPOSITIVO_ACTIVO, FECHA_ACTUALIZACION_PASSWORD, HORA_ACTUALIZACION_PASSWORD, FECHA_CREACION, HORA_CREACION, FECHA_ACTUALIZACION, HORA_ACTUALIZACION) VALUES('25cd205a-94f0-11eb-9356-0897988520bf', 'eyJhbGciOiJIUzI1NiIsInR5cCI6IkpXVCJ9.eyJtYXJjYSI6IlRlc3QxMSIsInJlZmVyZW5jaWEiOiJUZXN0IHJlZjIyIiwibGF0aXR1ZCI6IjExMTEuOTk5IiwibG9uZ2l0dWQiOiItMS44OTg3Iiwibm9tYnJlX21pY3Jvc2VydmljaW8iOiJTRU5TT1JFU19OUyIsImVtYWlsX3Jlc3BvbnNhYmxlIjoianVhbi5uaWNob3lAdWFvLmVkdS5jbyIsImlhdCI6MTYxNzUwNDQ3MSwiZXhwIjoxNjE3NTE0NDcwfQ.LuVYbW5h0O1EQnKPLj-xYLxb6gCLUxBa1Y-9MRqmL4s', 'Test113333', 'Test ref22', '1111.999', '-1.8987', 'fa990d16-7191-11eb-bf0e-0897988520bf', 'SENSORES_NS', 'juan.nichoy@uao.edu.co', '$2b$10$Zxn6DN5qNDuYaacduFHKkuKOQFEjBx/4w/J/wdL0.xVxkSABJc132', 0, NULL, 0, NULL, NULL, '2021-04-03', '21:47:51', '2021-04-03', '22:10:58');
  INSERT INTO DISPOSITIVOS (ID_DISPOSITIVO, TOKEN, MARCA, REFERENCIA, LATITUD, LONGITUD, ID_MICROSERVICIO, NOMBRE_MICROSERVICIO, EMAIL_RESPONSABLE, `PASSWORD`, PASSWORD_ACTIVA, PASSWORD_AUTENTICACION, DISPOSITIVO_ACTIVO, FECHA_ACTUALIZACION_PASSWORD, HORA_ACTUALIZACION_PASSWORD, FECHA_CREACION, HORA_CREACION, FECHA_ACTUALIZACION, HORA_ACTUALIZACION) VALUES('2b7d6ed3-91ab-11eb-a24d-0897988520bf', 'eyJhbGciOiJIUzI1NiIsInR5cCI6IkpXVCJ9.eyJtYXJjYSI6IkFyZHVpbm8iLCJyZWZlcmVuY2lhIjoiVU5PIiwibGF0aXR1ZCI6IjEuNzg1NiIsImxvbmdpdHVkIjoiLTEuODk4NyIsIm5vbWJyZV9taWNyb3NlcnZpY2lvIjoiTE9SQV9OUyIsImVtYWlsX3Jlc3BvbnNhYmxlIjoianVhbl9lc3RlYmFuLmdhcmNpYUB1YW8uZWR1LmNvIiwiaWF0IjoxNjE3MTQ0OTkxLCJleHAiOjE2MTcxNTQ5OTB9.5kOXsn1S20PPdC0_1hj6Kau-N_6x6SzW1WaufeEsUzU', 'Arduino', 'UNO', '1.7856', '-1.8987', '574194a4-7469-11eb-83c5-0897988520bf', 'LORA_NS', 'juan_esteban.garcia@uao.edu.co', '$2b$10$WmKg.jAZCk6dK7Z5MENMnutqrWLfFTBr.AODQaXWhlh3zVTO4Ss6S', 0, NULL, 0, NULL, NULL, '2021-03-30', '17:56:31', '2021-03-31', '12:27:09');
  INSERT INTO DISPOSITIVOS (ID_DISPOSITIVO, TOKEN, MARCA, REFERENCIA, LATITUD, LONGITUD, ID_MICROSERVICIO, NOMBRE_MICROSERVICIO, EMAIL_RESPONSABLE, `PASSWORD`, PASSWORD_ACTIVA, PASSWORD_AUTENTICACION, DISPOSITIVO_ACTIVO, FECHA_ACTUALIZACION_PASSWORD, HORA_ACTUALIZACION_PASSWORD, FECHA_CREACION, HORA_CREACION, FECHA_ACTUALIZACION, HORA_ACTUALIZACION) VALUES('4860f28a-9194-11eb-a24d-0897988520bf', 'eyJhbGciOiJIUzI1NiIsInR5cCI6IkpXVCJ9.eyJtYXJjYSI6IkFyZHVpbm8iLCJyZWZlcmVuY2lhIjoiVU5PIiwibGF0aXR1ZCI6IjEuNzg1NiIsImxvbmdpdHVkIjoiLTEuODk4NyIsIm5vbWJyZV9taWNyb3NlcnZpY2lvIjoiU0VOU09SRVNfTlMiLCJlbWFpbF9yZXNwb25zYWJsZSI6Imp1YW4ubmljaG95QHVhby5lZHUuY28iLCJpYXQiOjE2MTcxMzUxNjEsImV4cCI6MTYxNzE0NTE2MH0.y5VurZ2tXyMxX51Klt9nfpHZDnsQH3cTvAGpZ2wMSBI', 'Arduino', 'UNO', '1.7856', '-1.8987', 'fa990d16-7191-11eb-bf0e-0897988520bf', 'SENSORES_NS', 'juan.nichoy@uao.edu.co', '$2b$10$SfAu/5eFqFMAMmZBGeUoYO.Pmuy0cYpal.IorIJlHNNMM9lei/2xi', 0, NULL, 0, NULL, NULL, '2021-03-30', '15:12:42', NULL, NULL);
  INSERT INTO DISPOSITIVOS (ID_DISPOSITIVO, TOKEN, MARCA, REFERENCIA, LATITUD, LONGITUD, ID_MICROSERVICIO, NOMBRE_MICROSERVICIO, EMAIL_RESPONSABLE, `PASSWORD`, PASSWORD_ACTIVA, PASSWORD_AUTENTICACION, DISPOSITIVO_ACTIVO, FECHA_ACTUALIZACION_PASSWORD, HORA_ACTUALIZACION_PASSWORD, FECHA_CREACION, HORA_CREACION, FECHA_ACTUALIZACION, HORA_ACTUALIZACION) VALUES('54656064-9194-11eb-a24d-0897988520bf', 'eyJhbGciOiJIUzI1NiIsInR5cCI6IkpXVCJ9.eyJtYXJjYSI6IkFyZHVpbm8iLCJyZWZlcmVuY2lhIjoiVU5PIiwibGF0aXR1ZCI6IjEuNzg1NiIsImxvbmdpdHVkIjoiLTEuODk4NyIsIm5vbWJyZV9taWNyb3NlcnZpY2lvIjoiU0VOU09SRVNfTlMiLCJlbWFpbF9yZXNwb25zYWJsZSI6Imp1YW4ubmljaG95QHVhby5lZHUuY28iLCJpYXQiOjE2MTcxMzUxODIsImV4cCI6MTYxNzE0NTE4MX0.xaSURZGMtU_ut25WsN1a3uqEtrWmQMt1l2FN1hv6Qlg', 'Arduino', 'UNO', '1.7856', '-1.8987', 'fa990d16-7191-11eb-bf0e-0897988520bf', 'SENSORES_NS', 'juan.nichoy@uao.edu.co', '$2b$10$mCsVemzgXu.kYD15M2BZXeLyJV8oxN.I/qlXteYhUxWtzkTA7cddW', 0, NULL, 0, NULL, NULL, '2021-03-30', '15:13:02', NULL, NULL);
  INSERT INTO DISPOSITIVOS (ID_DISPOSITIVO, TOKEN, MARCA, REFERENCIA, LATITUD, LONGITUD, ID_MICROSERVICIO, NOMBRE_MICROSERVICIO, EMAIL_RESPONSABLE, `PASSWORD`, PASSWORD_ACTIVA, PASSWORD_AUTENTICACION, DISPOSITIVO_ACTIVO, FECHA_ACTUALIZACION_PASSWORD, HORA_ACTUALIZACION_PASSWORD, FECHA_CREACION, HORA_CREACION, FECHA_ACTUALIZACION, HORA_ACTUALIZACION) VALUES('56cf3459-9194-11eb-a24d-0897988520bf', 'eyJhbGciOiJIUzI1NiIsInR5cCI6IkpXVCJ9.eyJtYXJjYSI6IkFyZHVpbm8iLCJyZWZlcmVuY2lhIjoiVU5PIiwibGF0aXR1ZCI6IjEuNzg1NiIsImxvbmdpdHVkIjoiLTEuODk4NyIsIm5vbWJyZV9taWNyb3NlcnZpY2lvIjoiU0VOU09SRVNfTlMiLCJlbWFpbF9yZXNwb25zYWJsZSI6Imp1YW4ubmljaG95QHVhby5lZHUuY28iLCJpYXQiOjE2MTcxMzUxODYsImV4cCI6MTYxNzE0NTE4NX0.GbnH-CSmJWA70mkpSUXaKrXsc5Y3kPbGqcVNVko7JKo', 'Arduino', 'UNO', '1.7856', '-1.8987', 'fa990d16-7191-11eb-bf0e-0897988520bf', 'SENSORES_NS', 'juan.nichoy@uao.edu.co', '$2b$10$ylAPG5pR4Kei3GjQJBLPIO/73M7IDVVnc3ALQlMfA6rqYkSBFoIHu', 0, NULL, 0, NULL, NULL, '2021-03-30', '15:13:06', NULL, NULL);
  INSERT INTO DISPOSITIVOS (ID_DISPOSITIVO, TOKEN, MARCA, REFERENCIA, LATITUD, LONGITUD, ID_MICROSERVICIO, NOMBRE_MICROSERVICIO, EMAIL_RESPONSABLE, `PASSWORD`, PASSWORD_ACTIVA, PASSWORD_AUTENTICACION, DISPOSITIVO_ACTIVO, FECHA_ACTUALIZACION_PASSWORD, HORA_ACTUALIZACION_PASSWORD, FECHA_CREACION, HORA_CREACION, FECHA_ACTUALIZACION, HORA_ACTUALIZACION) VALUES('5842a47f-9194-11eb-a24d-0897988520bf', 'eyJhbGciOiJIUzI1NiIsInR5cCI6IkpXVCJ9.eyJtYXJjYSI6IkFyZHVpbm8iLCJyZWZlcmVuY2lhIjoiVU5PIiwibGF0aXR1ZCI6IjEuNzg1NiIsImxvbmdpdHVkIjoiLTEuODk4NyIsIm5vbWJyZV9taWNyb3NlcnZpY2lvIjoiU0VOU09SRVNfTlMiLCJlbWFpbF9yZXNwb25zYWJsZSI6Imp1YW4ubmljaG95QHVhby5lZHUuY28iLCJpYXQiOjE2MTcxMzUxODgsImV4cCI6MTYxNzE0NTE4N30.jXQ9FRkloWHmKyI9XsY4IQlv1BzlDYLhmrwshRFnhuc', 'Arduino', 'UNO', '1.7856', '-1.8987', 'fa990d16-7191-11eb-bf0e-0897988520bf', 'SENSORES_NS', 'juan.nichoy@uao.edu.co', '$2b$10$wqnF4kbvNSfOd160.fTdUeLz7AipFfV7p9j5HvU7rW3rqGdmt3AQS', 0, NULL, 0, NULL, NULL, '2021-03-30', '15:13:08', NULL, NULL);
  INSERT INTO DISPOSITIVOS (ID_DISPOSITIVO, TOKEN, MARCA, REFERENCIA, LATITUD, LONGITUD, ID_MICROSERVICIO, NOMBRE_MICROSERVICIO, EMAIL_RESPONSABLE, `PASSWORD`, PASSWORD_ACTIVA, PASSWORD_AUTENTICACION, DISPOSITIVO_ACTIVO, FECHA_ACTUALIZACION_PASSWORD, HORA_ACTUALIZACION_PASSWORD, FECHA_CREACION, HORA_CREACION, FECHA_ACTUALIZACION, HORA_ACTUALIZACION) VALUES('59946996-9194-11eb-a24d-0897988520bf', 'eyJhbGciOiJIUzI1NiIsInR5cCI6IkpXVCJ9.eyJtYXJjYSI6IkFyZHVpbm8iLCJyZWZlcmVuY2lhIjoiVU5PIiwibGF0aXR1ZCI6IjEuNzg1NiIsImxvbmdpdHVkIjoiLTEuODk4NyIsIm5vbWJyZV9taWNyb3NlcnZpY2lvIjoiU0VOU09SRVNfTlMiLCJlbWFpbF9yZXNwb25zYWJsZSI6Imp1YW4ubmljaG95QHVhby5lZHUuY28iLCJpYXQiOjE2MTcxMzUxOTAsImV4cCI6MTYxNzE0NTE4OX0.x-lp4ObFo85NoUqxS26c4V6T8EZWSCFIp448p5hgCIU', 'Arduino', 'UNO', '1.7856', '-1.8987', 'fa990d16-7191-11eb-bf0e-0897988520bf', 'SENSORES_NS', 'juan.nichoy@uao.edu.co', '$2b$10$YE7O2qe4mwanJThurFg2KuTd1OAI8IRXoEETN8CaHagPPlT7yGX56', 0, NULL, 0, NULL, NULL, '2021-03-30', '15:13:10', NULL, NULL);
  INSERT INTO DISPOSITIVOS (ID_DISPOSITIVO, TOKEN, MARCA, REFERENCIA, LATITUD, LONGITUD, ID_MICROSERVICIO, NOMBRE_MICROSERVICIO, EMAIL_RESPONSABLE, `PASSWORD`, PASSWORD_ACTIVA, PASSWORD_AUTENTICACION, DISPOSITIVO_ACTIVO, FECHA_ACTUALIZACION_PASSWORD, HORA_ACTUALIZACION_PASSWORD, FECHA_CREACION, HORA_CREACION, FECHA_ACTUALIZACION, HORA_ACTUALIZACION) VALUES('5ac83c29-9194-11eb-a24d-0897988520bf', 'eyJhbGciOiJIUzI1NiIsInR5cCI6IkpXVCJ9.eyJtYXJjYSI6IkFyZHVpbm8iLCJyZWZlcmVuY2lhIjoiVU5PIiwibGF0aXR1ZCI6IjEuNzg1NiIsImxvbmdpdHVkIjoiLTEuODk4NyIsIm5vbWJyZV9taWNyb3NlcnZpY2lvIjoiU0VOU09SRVNfTlMiLCJlbWFpbF9yZXNwb25zYWJsZSI6Imp1YW4ubmljaG95QHVhby5lZHUuY28iLCJpYXQiOjE2MTcxMzUxOTIsImV4cCI6MTYxNzE0NTE5MX0.cQ_mnORoNHF3fpIq9HQwjTKlXdio6JhUxX2bEB-fqXc', 'Arduino', 'UNO', '1.7856', '-1.8987', 'fa990d16-7191-11eb-bf0e-0897988520bf', 'SENSORES_NS', 'juan.nichoy@uao.edu.co', '$2b$10$k1Tq3i65.RWEsJHKzv9BMuZ9WEGeljaHpqaS.i9IMRuZL9tpiQbMS', 0, NULL, 0, NULL, NULL, '2021-03-30', '15:13:12', NULL, NULL);
  INSERT INTO DISPOSITIVOS (ID_DISPOSITIVO, TOKEN, MARCA, REFERENCIA, LATITUD, LONGITUD, ID_MICROSERVICIO, NOMBRE_MICROSERVICIO, EMAIL_RESPONSABLE, `PASSWORD`, PASSWORD_ACTIVA, PASSWORD_AUTENTICACION, DISPOSITIVO_ACTIVO, FECHA_ACTUALIZACION_PASSWORD, HORA_ACTUALIZACION_PASSWORD, FECHA_CREACION, HORA_CREACION, FECHA_ACTUALIZACION, HORA_ACTUALIZACION) VALUES('5dc093a8-9196-11eb-a24d-0897988520bf', 'eyJhbGciOiJIUzI1NiIsInR5cCI6IkpXVCJ9.eyJtYXJjYSI6IkFyZHVpbm8iLCJyZWZlcmVuY2lhIjoiVU5PIiwibGF0aXR1ZCI6IjEuNzg1NiIsImxvbmdpdHVkIjoiLTEuODk4NyIsIm5vbWJyZV9taWNyb3NlcnZpY2lvIjoiTE9SQV9OUyIsImVtYWlsX3Jlc3BvbnNhYmxlIjoianVhbl9lc3RlYmFuLmdhcmNpYUB1YW8uZWR1LmNvIiwiaWF0IjoxNjE3MTM2MDU2LCJleHAiOjE2MTcxNDYwNTV9.uLLseFXfsEgdWu-4O3L6_ug876Yl7JG5Zs0Pj2p8Z68', 'Arduino', 'UNO', '1.7856', '-1.8987', '574194a4-7469-11eb-83c5-0897988520bf', 'LORA_NS', 'juan_esteban.garcia@uao.edu.co', '$2b$10$kH.HWxiIjmaOs1pRt7bZtOSf62hQGZr.8Tkw8I7mG6mcJ134hVy6a', 0, NULL, 0, NULL, NULL, '2021-03-30', '15:27:36', NULL, NULL);
  INSERT INTO DISPOSITIVOS (ID_DISPOSITIVO, TOKEN, MARCA, REFERENCIA, LATITUD, LONGITUD, ID_MICROSERVICIO, NOMBRE_MICROSERVICIO, EMAIL_RESPONSABLE, `PASSWORD`, PASSWORD_ACTIVA, PASSWORD_AUTENTICACION, DISPOSITIVO_ACTIVO, FECHA_ACTUALIZACION_PASSWORD, HORA_ACTUALIZACION_PASSWORD, FECHA_CREACION, HORA_CREACION, FECHA_ACTUALIZACION, HORA_ACTUALIZACION) VALUES('6fbe7c4d-917b-11eb-a24d-0897988520bf', 'eyJhbGciOiJIUzI1NiIsInR5cCI6IkpXVCJ9.eyJtYXJjYSI6IkFyZHVpbm8iLCJyZWZlcmVuY2lhIjoiVU5PIiwibGF0aXR1ZCI6IjEuNzg1NiIsImxvbmdpdHVkIjoiLTEuODk4NyIsIm5vbWJyZV9taWNyb3NlcnZpY2lvIjoiU0VOU09SRVNfTlMiLCJlbWFpbF9yZXNwb25zYWJsZSI6Imp1YW4ubmljaG95QHVhby5lZHUuY28iLCJpYXQiOjE2MTcxMjQ0OTAsImV4cCI6MTYxNzEzNDQ4OX0.zWTEk36PezIJi-jWgr_1KY3gNuFDO8j-6oBEhm7LWd0', 'Arduino', 'UNO', '1.7856', '-1.8987', 'fa990d16-7191-11eb-bf0e-0897988520bf', 'SENSORES_NS', 'juan.nichoy@uao.edu.co', '$2b$10$Xm5I19WbznaFmczg5INKrOBfzO.EuWBKJmYdC6G6Bz.ht.K1wtYOK', 0, NULL, 0, NULL, NULL, '2021-03-30', '12:14:50', NULL, NULL);
  INSERT INTO DISPOSITIVOS (ID_DISPOSITIVO, TOKEN, MARCA, REFERENCIA, LATITUD, LONGITUD, ID_MICROSERVICIO, NOMBRE_MICROSERVICIO, EMAIL_RESPONSABLE, `PASSWORD`, PASSWORD_ACTIVA, PASSWORD_AUTENTICACION, DISPOSITIVO_ACTIVO, FECHA_ACTUALIZACION_PASSWORD, HORA_ACTUALIZACION_PASSWORD, FECHA_CREACION, HORA_CREACION, FECHA_ACTUALIZACION, HORA_ACTUALIZACION) VALUES('b86cced7-94a4-11eb-9c7b-0897988520bf', 'eyJhbGciOiJIUzI1NiIsInR5cCI6IkpXVCJ9.eyJtYXJjYSI6IlRlc3QiLCJyZWZlcmVuY2lhIjoiVGVzdCByZWYiLCJsYXRpdHVkIjoiMTExMS45OTkiLCJsb25naXR1ZCI6IjEyMjIyLjk5OSIsIm5vbWJyZV9taWNyb3NlcnZpY2lvIjoiU0VOU09SRVNfTlMiLCJlbWFpbF9yZXNwb25zYWJsZSI6Imp1YW4ubmljaG95QHVhby5lZHUuY28iLCJpYXQiOjE2MTc1MDA2NzcsImV4cCI6MTYxNzUxMDY3Nn0.vnmgjHQh7bul_Vt4n-WaeOXNIlCjB2W4pqrqmKhjXOk', 'Test', 'Test ref', '1111.999', '12222.999', 'fa990d16-7191-11eb-bf0e-0897988520bf', 'SENSORES_NS', 'juan.nichoy@uao.edu.co', '$2b$10$JnTLsa7.B/hq5jJql1KfGOVsf.oGcdsjVOWbdVzTpx5gY2FvZQtXK', 1, '$2b$10$Ui7/xG3joVZgj5XhMJnXQOqIZCrR3oO/NN4ms1DviucAwFofEknkS', 0, '2021-04-03', '19:23:32', '2021-04-03', '12:47:55', NULL, NULL);

  COMMIT;

END