CREATE DEFINER=`root`@`%` PROCEDURE `PROYECTO_GRADO_API_DEV`.`PKG_BACKUP_INICIAL`()
BEGIN
	
	/*Crear usuario DBADEV*/
	
	CREATE USER IF NOT EXISTS 'DBADEV' IDENTIFIED BY 'DBADEV2021';

	COMMIT;
	
	SELECT 'Usuario creado';
	
	/*Eliminar tablas*/
	DROP TABLE IF EXISTS `REPORTE_LOG_EJECUCION`;
	DROP TABLE IF EXISTS `ERRORES_LOG_EJECUCION`;
	DROP TABLE IF EXISTS `DATOS_NODO_SENSOR`;
	DROP TABLE IF EXISTS `REGLAS_NODO_SENSOR`;
	DROP TABLE IF EXISTS `CONFIGURACION_VARIABLES_NODO_SENSOR`;
	DROP TABLE IF EXISTS `VARIABLES_NODO_SENSOR`;
	DROP TABLE IF EXISTS `NODO_SENSOR`;

	COMMIT;
	
	SELECT 'Tablas eliminadas';
	
	/*Tabla NODO_SENSOR*/
	CREATE TABLE IF NOT EXISTS `NODO_SENSOR` (
	  	`ID_NODO_SENSOR` varchar(100) NOT NULL,
		`TOKEN` longtext NOT NULL,
		`LATITUD` double NOT NULL,
		`LONGITUD` double NOT NULL,
		`DISPOSITIVO_ADQUISICION` varchar(500) not null,
		`ESTADO` bool NOT NULL,
		`FECHA_CREACION` date NOT NULL,
		`HORA_CREACION` time NOT NULL,
		`FECHA_ACTUALIZACION` date default null,
		`HORA_ACTUALIZACION` time default null, 
		primary key (ID_NODO_SENSOR)
	);

	COMMIT;
	
	/*Tabla VARIABLES_NODO_SENSOR*/
	CREATE TABLE IF NOT EXISTS `VARIABLES_NODO_SENSOR` (
	  	`ID_VARIABLE` varchar(100) NOT NULL,
		`NOMBRE_VARIABLE` varchar(300) NOT NULL,
		`DETALLES` longtext  NOT NULL,
		`TIPO_DATO` varchar(50) NOT NULL,  
		`UNIDAD_MEDIDA` varchar(10) NOT NULL,
		`RANGO_MIN` varchar(10) NOT NULL,
		`RANGO_MAX` varchar(10) NOT NULL,
		`ESTADO` bool NOT NULL,
		`FECHA_CREACION` date NOT NULL,
		`HORA_CREACION` time NOT NULL,
		`FECHA_ACTUALIZACION` date default null,
		`HORA_ACTUALIZACION` time default null,
		primary key (ID_VARIABLE, NOMBRE_VARIABLE)
	);

	COMMIT;
	
	/*Tabla CONFIGURACION_VARIABLES_NODO_SENSOR*/
	CREATE TABLE IF NOT EXISTS `CONFIGURACION_VARIABLES_NODO_SENSOR` (
		`ID_CONFIGURACION` varchar(100) NOT NULL,
		`ID_NODO_SENSOR` varchar(100) NOT NULL,
		`ID_VARIABLE` varchar(100) NOT NULL,
		`NOMBRE_VARIABLE` varchar(300) NOT NULL,
		`FECHA_CREACION` date NOT NULL,
		`HORA_CREACION` time NOT NULL,
		primary key (ID_CONFIGURACION),
		FOREIGN key (ID_NODO_SENSOR) REFERENCES NODO_SENSOR(ID_NODO_SENSOR) ON UPDATE CASCADE ON DELETE CASCADE,
	  	FOREIGN key (ID_VARIABLE, NOMBRE_VARIABLE) REFERENCES VARIABLES_NODO_SENSOR(ID_VARIABLE, NOMBRE_VARIABLE) ON UPDATE CASCADE ON DELETE CASCADE
	);

	COMMIT;
	
	/*Tabla REGLAS_NODO_SENSOR*/
	DROP TABLE IF EXISTS `REGLAS_NODO_SENSOR`;
	CREATE TABLE IF NOT EXISTS `REGLAS_NODO_SENSOR` (
		`ID_REGLA` varchar(100) NOT NULL,
		`ID_NODO_SENSOR` varchar(100) NOT NULL,
		`ID_VARIABLE` varchar(100) NOT NULL,
		`NOMBRE_VARIABLE` varchar(300) NOT NULL,
	    `EXPRESION` varchar(1000) NOT NULL,
		`FECHA_CREACION` date NOT NULL,
		`HORA_CREACION` time NOT NULL,
	    `FECHA_ACTUALIZACION` date default null,
		`HORA_ACTUALIZACION` time default null,
		primary key (ID_REGLA),
		FOREIGN key (ID_NODO_SENSOR) REFERENCES NODO_SENSOR(ID_NODO_SENSOR),
	  	FOREIGN key (ID_VARIABLE, NOMBRE_VARIABLE) REFERENCES VARIABLES_NODO_SENSOR(ID_VARIABLE, NOMBRE_VARIABLE) ON UPDATE CASCADE ON DELETE CASCADE
	);

	COMMIT;
	
	/*Tabla DATOS_NODO_SENSOR*/
	DROP TABLE IF EXISTS `DATOS_NODO_SENSOR`;
	CREATE TABLE IF NOT EXISTS `DATOS_NODO_SENSOR` (
		`ID_DATO` varchar(100) NOT NULL,
		`ID_NODO_SENSOR` varchar(100) NOT NULL,
		`ID_VARIABLE` varchar(100) NOT NULL,
		`NOMBRE_VARIABLE` varchar(300) NOT NULL,
		`VALOR_DATO` varchar(10) not null,
		`VALOR_NOTIFICADO` bool DEFAULT FALSE,
		`ID_REGLA` varchar(100) DEFAULT null,
		`EXPRESION_EVALUADA` varchar(300) DEFAULT NULL,
		`FECHA_CREACION` date NOT NULL,
		`HORA_CREACION` time NOT NULL,
		primary key (ID_DATO)
	);

	COMMIT;
	
	/*Tabla ERRORES_LOG_EJECUCION*/
	DROP TABLE IF EXISTS `ERRORES_LOG_EJECUCION`;
	CREATE TABLE IF NOT EXISTS `ERRORES_LOG_EJECUCION` (
	  	`ID_ERROR` varchar(100) NOT NULL,
		`CODIGO_ERROR` varchar(100) NOT NULL,
	    `URL_ENDPOINT` longtext  NOT NULL,
		`MODULO` longtext  NOT NULL,
		`ENDPOINT` varchar(100) NOT NULL,  
		`METODO_PRIMARIO` varchar(100) NOT NULL,
		`METODO_SECUNDARIO` varchar(100) NOT NULL,
		`DETALLES` longtext NOT NULL,
	    `MENSAJE_PANTALLA` longtext NOT NULL,
		`FECHA_CREACION` date NOT NULL,
		`HORA_CREACION` time NOT NULL,
		`FECHA_ACTUALIZACION` date default null,
		`HORA_ACTUALIZACION` time default null,
		primary key (CODIGO_ERROR)
	);
	
	COMMIT;
	
	/*Tabla REPORTE_LOG_EJECUCION*/
	DROP TABLE IF EXISTS `REPORTE_LOG_EJECUCION`;
	CREATE TABLE IF NOT EXISTS `REPORTE_LOG_EJECUCION` (
	  	`ID_REPORTE` varchar(100) NOT NULL,
		`CODIGO_ERROR` varchar(100) NOT NULL,
	    `URL_ENDPOINT` longtext  NOT NULL,
		`MODULO` longtext  NOT NULL,
		`ENDPOINT` varchar(100) NOT NULL,  
		`METODO_PRIMARIO` varchar(100) NOT NULL,
		`METODO_SECUNDARIO` varchar(100) NOT NULL,
		`MENSAJE_RETORNADO` longtext NOT NULL,
		`FECHA_CREACION` date NOT NULL,
		`HORA_CREACION` time NOT NULL,
		primary key (ID_REPORTE, CODIGO_ERROR),
	    FOREIGN key (CODIGO_ERROR) REFERENCES ERRORES_LOG_EJECUCION(CODIGO_ERROR) ON UPDATE CASCADE
	);
	
	COMMIT;

	SELECT 'Tablas creadas';

	/*Asignar los permisos al usario DBADEV para las tablas creadas */
	GRANT SELECT, INSERT, UPDATE, DELETE ON PROYECTO_GRADO_API_DEV.NODO_SENSOR TO 'DBADEV'@'%';
	GRANT SELECT, INSERT, UPDATE, DELETE ON PROYECTO_GRADO_API_DEV.VARIABLES_NODO_SENSOR TO 'DBADEV'@'%';
	GRANT SELECT, INSERT, UPDATE, DELETE ON PROYECTO_GRADO_API_DEV.CONFIGURACION_VARIABLES_NODO_SENSOR TO 'DBADEV'@'%'; 
	GRANT SELECT, INSERT, UPDATE, DELETE ON PROYECTO_GRADO_API_DEV.REGLAS_NODO_SENSOR TO 'DBADEV'@'%'; 
	GRANT SELECT, INSERT, UPDATE, DELETE ON PROYECTO_GRADO_API_DEV.DATOS_NODO_SENSOR TO 'DBADEV'@'%';
	GRANT SELECT, INSERT, UPDATE, DELETE ON PROYECTO_GRADO_API_DEV.ERRORES_LOG_EJECUCION TO 'DBADEV'@'%'; 
	GRANT SELECT, INSERT ON PROYECTO_GRADO_API_DEV.REPORTE_LOG_EJECUCION TO 'DBADEV'@'%';
	FLUSH PRIVILEGES;
	
	COMMIT;
	
	SELECT 'Permisos asignados';
	
	/*Backup - Insertar datos nodo sensor*/
	INSERT INTO `NODO_SENSOR` (`ID_NODO_SENSOR`, `TOKEN`, `LATITUD`, `LONGITUD`, `DISPOSITIVO_ADQUISICION`, `ESTADO`, `FECHA_CREACION`, `HORA_CREACION`, `FECHA_ACTUALIZACION`, `HORA_ACTUALIZACION`) VALUES('0abebcd3-5c1c-11eb-80f6-0897988520bf', 'Go4c1YWIPlegf1dkSkq-Ekt1pnHF56HBTylFJF94pQhg_bggghlbBcr4eV56hXNRAavvrcnM7h_8bOBSLIrYrrrX12IPOEgPpr1uA3aI6auIdTFXJx9DwMTj_-_sM8_la-5ORkbEQQw1hYzjQWIoTgRmaWOM2Y_i79oCsEksmJzG9J48mKU9-HvDA3wBkF0giSars6mbRPE_teiaACftoKbD9UmZ1d9hlXoBn23sPjMp5aemZ296PrNUOjsHCORzT41LzwKvHh4', 9.782, -12.687, 'linkit one', 1, '2021-01-21', '14:08:27', NULL, NULL);
	INSERT INTO `NODO_SENSOR` (`ID_NODO_SENSOR`, `TOKEN`, `LATITUD`, `LONGITUD`, `DISPOSITIVO_ADQUISICION`, `ESTADO`, `FECHA_CREACION`, `HORA_CREACION`, `FECHA_ACTUALIZACION`, `HORA_ACTUALIZACION`) VALUES('377bfbd1-5ab3-11eb-aaa5-0897988520bf', 'uQ6Hv5YFIq0qsTv3pAlvtQIV-4EcJddQNtwyhmc3gpdIHvK7rpplg8oqxeZy5YtKBxFJg6-16JSOkPgqCmQD7enTkuecO-XKm5rebsp75tjJbWrkoq-8tPHX3Cz7mcqAKG5sxpScADAntqwuMVyqGd6SbBRHj6-_z3flG2o0d57tKi_QIN02TyMeiOQ7cVTuYEw6p2f5lt8XsaejYY62Z5dQTH5hh9NYCHQhI8cH6HVfWNMGDvJUIhFEBF7Ce9Fn0yTyBBRGcZY', 1.745, -8.696, 'arduino yun', 1, '2021-01-19', '19:05:34', NULL, NULL);
	INSERT INTO `NODO_SENSOR` (`ID_NODO_SENSOR`, `TOKEN`, `LATITUD`, `LONGITUD`, `DISPOSITIVO_ADQUISICION`, `ESTADO`, `FECHA_CREACION`, `HORA_CREACION`, `FECHA_ACTUALIZACION`, `HORA_ACTUALIZACION`) VALUES('463d988a-5ab3-11eb-aaa5-0897988520bf', 'tFqCFrQEiHBcSixCNUwVAWarzFLXBOq6BzNx38ru3ED9KeNhw7t5yCzDdR076hMEGSDUgY6JqMYhJNqwM7SWnRVnyj8HejkfZfPHessEY3b__q6_GjOPnmZ3gnQpNVoii-fdfTzZXjPVpypluL58PZA6byaJaWS_hkPUDIoLRfA07pFdFcalGhpy_cvNnFQ8lzSqWw6vMo632at9hNVIbXcFWT9i2L3U8eFCQFWjewzDoOcDMtEPNSl-Ds5mRrvRadSdgA-x7E4', 5.963, 4.712, 'arduino yun', 1, '2021-01-19', '19:05:58', NULL, NULL);
	INSERT INTO `NODO_SENSOR` (`ID_NODO_SENSOR`, `TOKEN`, `LATITUD`, `LONGITUD`, `DISPOSITIVO_ADQUISICION`, `ESTADO`, `FECHA_CREACION`, `HORA_CREACION`, `FECHA_ACTUALIZACION`, `HORA_ACTUALIZACION`) VALUES('4c5c54f8-5ab3-11eb-aaa5-0897988520bf', '2XZOToV83mduZZp7IKBB3S_E5AFJ9HUpyz7rTali7sW_WPb7002V9XoDPbWP1N5aosJPcDMEJtX4Wmq9D0AC9pW0nolmP9_i75CAWZoGgkQv3C7LZIlOfKmpiIsHW5UZ643IUuZXpK4OOFfME9FIrWkCJMt6TuTHfTdi6TmWvwR55GXwtd7ANLMtDO1Mv7VqXPSfHIN8knQBLWNCcBecvxm-0XjF9cVitS1H2ZD7yeoupnKnCbPo-jCi1h-wzhSDtXkoxC2Mh9g', 9.456, 1.458, 'arduino yun', 1, '2021-01-19', '19:06:09', NULL, NULL);
	INSERT INTO `NODO_SENSOR` (`ID_NODO_SENSOR`, `TOKEN`, `LATITUD`, `LONGITUD`, `DISPOSITIVO_ADQUISICION`, `ESTADO`, `FECHA_CREACION`, `HORA_CREACION`, `FECHA_ACTUALIZACION`, `HORA_ACTUALIZACION`) VALUES('5aa620a9-5ab3-11eb-aaa5-0897988520bf', 'uiwAqRwkDofYKawrUJzbqCrVbpjxnC7bAjrf-thjHz7XCD0DWdY7i1bmNMO3MgLPwiekopLMXC8H8cn79-tL3vLQjJUjornnvwxglZv5wJwu6BQTJJmVzu4dZB-5NhY2hM0Q3C7RiNYIjGhaW5-Lc6Uyb1H1KHPAIK7NwKMxD0vR8UmTJ8LpGWFB02TKFrzQmcDAJ8SU-Z7aT7D1z-H5gt3pZI8oX5RUmHgmLQ1TxzpaOk5Jn3y1kbLGnPuPx3ImKuO8JH724vI', 7.142, -5.697, 'raspberry', 1, '2021-01-19', '19:06:33', NULL, NULL);
	INSERT INTO `NODO_SENSOR` (`ID_NODO_SENSOR`, `TOKEN`, `LATITUD`, `LONGITUD`, `DISPOSITIVO_ADQUISICION`, `ESTADO`, `FECHA_CREACION`, `HORA_CREACION`, `FECHA_ACTUALIZACION`, `HORA_ACTUALIZACION`) VALUES('f467691c-5c1b-11eb-80f6-0897988520bf', 'PVOsq9okAzL7UTU7CFdapENQLWgozqNls2yNpGqY-38yqu2dyfbEVuKJppazd74ODbosu_n1UX4a60e1_LVNs_B8piVg_3Ct-dgw6bu9OFdsOgDOdez6iigK08Jx-ml69XG4VmNVcchftC4HHPNCiq72kgvM3b-aj7EoGkI6qou7LeyCJiuqW8ufv-xoJu6lSJ9rt5EDoynxz4Pp-5FM46xpMJ2lv_Bk8vKb_iW_SZmfi6uf1D8bh30F5Z0HJQMm3fGZ0GpY9Dk', 3.782, -2.687, 'linkit one', 1, '2021-01-21', '14:07:49', NULL, NULL);
	INSERT INTO `NODO_SENSOR` (`ID_NODO_SENSOR`, `TOKEN`, `LATITUD`, `LONGITUD`, `DISPOSITIVO_ADQUISICION`, `ESTADO`, `FECHA_CREACION`, `HORA_CREACION`, `FECHA_ACTUALIZACION`, `HORA_ACTUALIZACION`) VALUES('fd28b99a-5c1b-11eb-80f6-0897988520bf', 'To4XDrUnY-CYwPm4LxOn4fGRJByQ0CvfqE3tHOweeXCSrSKXEd5Ox-59H-BbKTKTLXxVzokyGGL9PghdoE7kGj51UQEOlsj_xZAOQkBUKrC-Jg6ML8bPLrDv9SP1lGrCBeH1-2WH947YXFbPrcftHOCuZha2DT111gmiW6BHXI9b-sb0D76Z8QpFEr-ERN4_AjfsMkgx5P7PrlUGX2qG97XfNfStuF_ZZKqMxzasdXH-56N_Eip01sAwnjDL1XaGGpuiQ63jQkg', 3.782, -2.687, 'linkit one', 1, '2021-01-21', '14:08:04', NULL, NULL);
	
	COMMIT;

	/*Backup - Insertar datos variables nodo sensor*/
	INSERT INTO `VARIABLES_NODO_SENSOR` (`ID_VARIABLE`, `NOMBRE_VARIABLE`, `DETALLES`, `TIPO_DATO`, `UNIDAD_MEDIDA`, `RANGO_MIN`, `RANGO_MAX`, `ESTADO`, `FECHA_CREACION`, `HORA_CREACION`, `FECHA_ACTUALIZACION`, `HORA_ACTUALIZACION`) VALUES('099786bb-5abb-11eb-aaa5-0897988520bf', 'TEMPERATURA_AGUA', 'Sensa la temperatura del agua', 'NUMBERS', '°C', '25.0', '40.0', 0, '2021-01-19', '20:01:33', '2021-01-20', '09:25:04');
	INSERT INTO `VARIABLES_NODO_SENSOR` (`ID_VARIABLE`, `NOMBRE_VARIABLE`, `DETALLES`, `TIPO_DATO`, `UNIDAD_MEDIDA`, `RANGO_MIN`, `RANGO_MAX`, `ESTADO`, `FECHA_CREACION`, `HORA_CREACION`, `FECHA_ACTUALIZACION`, `HORA_ACTUALIZACION`) VALUES('28b2afae-5cc3-11eb-b8ed-0897988520bf', 'PRUEBA', 'Sensa la temperatura del agua', 'NUMBERS', '°C', '25.0', '40.0', 0, '2021-01-22', '10:04:43', NULL, NULL);
	INSERT INTO `VARIABLES_NODO_SENSOR` (`ID_VARIABLE`, `NOMBRE_VARIABLE`, `DETALLES`, `TIPO_DATO`, `UNIDAD_MEDIDA`, `RANGO_MIN`, `RANGO_MAX`, `ESTADO`, `FECHA_CREACION`, `HORA_CREACION`, `FECHA_ACTUALIZACION`, `HORA_ACTUALIZACION`) VALUES('cf1f9977-5aba-11eb-aaa5-0897988520bf', 'HUMEDAD_AMBIENTE', 'Sensa la humedad del ambiente', 'NUMBERS', '%', '20', '80', 0, '2021-01-19', '19:59:55', NULL, NULL);
	INSERT INTO `VARIABLES_NODO_SENSOR` (`ID_VARIABLE`, `NOMBRE_VARIABLE`, `DETALLES`, `TIPO_DATO`, `UNIDAD_MEDIDA`, `RANGO_MIN`, `RANGO_MAX`, `ESTADO`, `FECHA_CREACION`, `HORA_CREACION`, `FECHA_ACTUALIZACION`, `HORA_ACTUALIZACION`) VALUES('f8e12980-5aba-11eb-aaa5-0897988520bf', 'TEMPERATURA_AMBIENTE', 'Sensa la temperatura del ambiente', 'NUMBERS', '°C', '10.0', '40.0', 0, '2021-01-19', '20:01:05', '2021-01-22', '11:45:03');

	COMMIT;

	/*Backup - Insertar datos configuración variables nodo sensor*/
	INSERT INTO `CONFIGURACION_VARIABLES_NODO_SENSOR` (`ID_CONFIGURACION`, `ID_NODO_SENSOR`, `ID_VARIABLE`, `NOMBRE_VARIABLE`, `FECHA_CREACION`, `HORA_CREACION`) VALUES('96eae23b-5abb-11eb-aaa5-0897988520bf', '377bfbd1-5ab3-11eb-aaa5-0897988520bf', 'cf1f9977-5aba-11eb-aaa5-0897988520bf', 'HUMEDAD_AMBIENTE', '2021-01-19', '20:05:30');
	INSERT INTO `CONFIGURACION_VARIABLES_NODO_SENSOR` (`ID_CONFIGURACION`, `ID_NODO_SENSOR`, `ID_VARIABLE`, `NOMBRE_VARIABLE`, `FECHA_CREACION`, `HORA_CREACION`) VALUES('f272b2cd-5abc-11eb-aaa5-0897988520bf', '377bfbd1-5ab3-11eb-aaa5-0897988520bf', 'f8e12980-5aba-11eb-aaa5-0897988520bf', 'TEMPERATURA_AMBIENTE', '2021-01-19', '20:15:13');
	
	COMMIT;

	/*Backup - Insertar datos reglas variables nodo sensor*/
	INSERT INTO `REGLAS_NODO_SENSOR` (`ID_REGLA`, `ID_NODO_SENSOR`, `ID_VARIABLE`, `NOMBRE_VARIABLE`, `EXPRESION`, `FECHA_CREACION`, `HORA_CREACION`, `FECHA_ACTUALIZACION`, `HORA_ACTUALIZACION`) VALUES('83aee8a0-5abc-11eb-aaa5-0897988520bf', '377bfbd1-5ab3-11eb-aaa5-0897988520bf', 'f8e12980-5aba-11eb-aaa5-0897988520bf', 'TEMPERATURA_AMBIENTE', '^(3[5-9]|3[5-9].([0-9])|4[0-5]|4[0-5].[0-9])$', '2021-01-19', '20:12:07', '2021-01-19', '20:16:37');
	INSERT INTO `REGLAS_NODO_SENSOR` (`ID_REGLA`, `ID_NODO_SENSOR`, `ID_VARIABLE`, `NOMBRE_VARIABLE`, `EXPRESION`, `FECHA_CREACION`, `HORA_CREACION`, `FECHA_ACTUALIZACION`, `HORA_ACTUALIZACION`) VALUES('d6d8095f-5ce3-11eb-b8ed-0897988520bf', '377bfbd1-5ab3-11eb-aaa5-0897988520bf', 'cf1f9977-5aba-11eb-aaa5-0897988520bf', 'HUMEDAD_AMBIENTE', '^(3[5-9]|3[5-9].([0-9])|4[0-5]|4[0-5].[0-9])$', '2021-01-22', '13:58:39', NULL, NULL);

	COMMIT;

	/*Backup - Insertar datos datos nodo sensor*/
	INSERT INTO `DATOS_NODO_SENSOR` (`ID_DATO`, `ID_NODO_SENSOR`, `ID_VARIABLE`, `NOMBRE_VARIABLE`, `VALOR_DATO`, `VALOR_NOTIFICADO`, `ID_REGLA`, `EXPRESION_EVALUADA`, `FECHA_CREACION`, `HORA_CREACION`) VALUES('317226d3-5abe-11eb-aaa5-0897988520bf', '377bfbd1-5ab3-11eb-aaa5-0897988520bf', 'cf1f9977-5aba-11eb-aaa5-0897988520bf', 'HUMEDAD_AMBIENTE', '15', 0, NULL, NULL, '2021-01-19', '20:24:08');
	INSERT INTO `DATOS_NODO_SENSOR` (`ID_DATO`, `ID_NODO_SENSOR`, `ID_VARIABLE`, `NOMBRE_VARIABLE`, `VALOR_DATO`, `VALOR_NOTIFICADO`, `ID_REGLA`, `EXPRESION_EVALUADA`, `FECHA_CREACION`, `HORA_CREACION`) VALUES('31764ba2-5abe-11eb-aaa5-0897988520bf', '377bfbd1-5ab3-11eb-aaa5-0897988520bf', 'f8e12980-5aba-11eb-aaa5-0897988520bf', 'TEMPERATURA_AMBIENTE', '25.5', 0, NULL, NULL, '2021-01-19', '20:24:08');
	INSERT INTO `DATOS_NODO_SENSOR` (`ID_DATO`, `ID_NODO_SENSOR`, `ID_VARIABLE`, `NOMBRE_VARIABLE`, `VALOR_DATO`, `VALOR_NOTIFICADO`, `ID_REGLA`, `EXPRESION_EVALUADA`, `FECHA_CREACION`, `HORA_CREACION`) VALUES('33802968-5abe-11eb-aaa5-0897988520bf', '377bfbd1-5ab3-11eb-aaa5-0897988520bf', 'f8e12980-5aba-11eb-aaa5-0897988520bf', 'TEMPERATURA_AMBIENTE', '25.5', 0, NULL, NULL, '2021-01-19', '20:24:11');
	INSERT INTO `DATOS_NODO_SENSOR` (`ID_DATO`, `ID_NODO_SENSOR`, `ID_VARIABLE`, `NOMBRE_VARIABLE`, `VALOR_DATO`, `VALOR_NOTIFICADO`, `ID_REGLA`, `EXPRESION_EVALUADA`, `FECHA_CREACION`, `HORA_CREACION`) VALUES('33807c10-5abe-11eb-aaa5-0897988520bf', '377bfbd1-5ab3-11eb-aaa5-0897988520bf', 'cf1f9977-5aba-11eb-aaa5-0897988520bf', 'HUMEDAD_AMBIENTE', '15', 0, NULL, NULL, '2021-01-19', '20:24:11');
	INSERT INTO `DATOS_NODO_SENSOR` (`ID_DATO`, `ID_NODO_SENSOR`, `ID_VARIABLE`, `NOMBRE_VARIABLE`, `VALOR_DATO`, `VALOR_NOTIFICADO`, `ID_REGLA`, `EXPRESION_EVALUADA`, `FECHA_CREACION`, `HORA_CREACION`) VALUES('46328acf-5abe-11eb-aaa5-0897988520bf', '377bfbd1-5ab3-11eb-aaa5-0897988520bf', 'f8e12980-5aba-11eb-aaa5-0897988520bf', 'TEMPERATURA_AMBIENTE', '40.5', 1, '83aee8a0-5abc-11eb-aaa5-0897988520bf', '^(3[5-9]|3[5-9].([0-9])|4[0-5]|4[0-5].[0-9])$', '2021-01-19', '20:24:43');
	INSERT INTO `DATOS_NODO_SENSOR` (`ID_DATO`, `ID_NODO_SENSOR`, `ID_VARIABLE`, `NOMBRE_VARIABLE`, `VALOR_DATO`, `VALOR_NOTIFICADO`, `ID_REGLA`, `EXPRESION_EVALUADA`, `FECHA_CREACION`, `HORA_CREACION`) VALUES('46328d45-5abe-11eb-aaa5-0897988520bf', '377bfbd1-5ab3-11eb-aaa5-0897988520bf', 'cf1f9977-5aba-11eb-aaa5-0897988520bf', 'HUMEDAD_AMBIENTE', '15', 0, NULL, NULL, '2021-01-19', '20:24:43');
	INSERT INTO `DATOS_NODO_SENSOR` (`ID_DATO`, `ID_NODO_SENSOR`, `ID_VARIABLE`, `NOMBRE_VARIABLE`, `VALOR_DATO`, `VALOR_NOTIFICADO`, `ID_REGLA`, `EXPRESION_EVALUADA`, `FECHA_CREACION`, `HORA_CREACION`) VALUES('6f674c34-5ced-11eb-b8ed-0897988520bf', '377bfbd1-5ab3-11eb-aaa5-0897988520bf', 'cf1f9977-5aba-11eb-aaa5-0897988520bf', 'HUMEDAD_AMBIENTE', '15', 0, NULL, NULL, '2021-01-22', '15:07:20');
	INSERT INTO `DATOS_NODO_SENSOR` (`ID_DATO`, `ID_NODO_SENSOR`, `ID_VARIABLE`, `NOMBRE_VARIABLE`, `VALOR_DATO`, `VALOR_NOTIFICADO`, `ID_REGLA`, `EXPRESION_EVALUADA`, `FECHA_CREACION`, `HORA_CREACION`) VALUES('6f6823fd-5ced-11eb-b8ed-0897988520bf', '377bfbd1-5ab3-11eb-aaa5-0897988520bf', 'f8e12980-5aba-11eb-aaa5-0897988520bf', 'TEMPERATURA_AMBIENTE', '40.5', 1, '83aee8a0-5abc-11eb-aaa5-0897988520bf', '^(3[5-9]|3[5-9].([0-9])|4[0-5]|4[0-5].[0-9])$', '2021-01-22', '15:07:20');
	INSERT INTO `DATOS_NODO_SENSOR` (`ID_DATO`, `ID_NODO_SENSOR`, `ID_VARIABLE`, `NOMBRE_VARIABLE`, `VALOR_DATO`, `VALOR_NOTIFICADO`, `ID_REGLA`, `EXPRESION_EVALUADA`, `FECHA_CREACION`, `HORA_CREACION`) VALUES('729b94b0-5ced-11eb-b8ed-0897988520bf', '377bfbd1-5ab3-11eb-aaa5-0897988520bf', 'f8e12980-5aba-11eb-aaa5-0897988520bf', 'TEMPERATURA_AMBIENTE', '40.5', 1, '83aee8a0-5abc-11eb-aaa5-0897988520bf', '^(3[5-9]|3[5-9].([0-9])|4[0-5]|4[0-5].[0-9])$', '2021-01-22', '15:07:26');
	INSERT INTO `DATOS_NODO_SENSOR` (`ID_DATO`, `ID_NODO_SENSOR`, `ID_VARIABLE`, `NOMBRE_VARIABLE`, `VALOR_DATO`, `VALOR_NOTIFICADO`, `ID_REGLA`, `EXPRESION_EVALUADA`, `FECHA_CREACION`, `HORA_CREACION`) VALUES('729b9a77-5ced-11eb-b8ed-0897988520bf', '377bfbd1-5ab3-11eb-aaa5-0897988520bf', 'cf1f9977-5aba-11eb-aaa5-0897988520bf', 'HUMEDAD_AMBIENTE', '15', 0, NULL, NULL, '2021-01-22', '15:07:26');
	INSERT INTO `DATOS_NODO_SENSOR` (`ID_DATO`, `ID_NODO_SENSOR`, `ID_VARIABLE`, `NOMBRE_VARIABLE`, `VALOR_DATO`, `VALOR_NOTIFICADO`, `ID_REGLA`, `EXPRESION_EVALUADA`, `FECHA_CREACION`, `HORA_CREACION`) VALUES('7beeab44-5ced-11eb-b8ed-0897988520bf', '377bfbd1-5ab3-11eb-aaa5-0897988520bf', 'f8e12980-5aba-11eb-aaa5-0897988520bf', 'TEMPERATURA_AMBIENTE', '40.5', 1, '83aee8a0-5abc-11eb-aaa5-0897988520bf', '^(3[5-9]|3[5-9].([0-9])|4[0-5]|4[0-5].[0-9])$', '2021-01-22', '15:07:42');
	INSERT INTO `DATOS_NODO_SENSOR` (`ID_DATO`, `ID_NODO_SENSOR`, `ID_VARIABLE`, `NOMBRE_VARIABLE`, `VALOR_DATO`, `VALOR_NOTIFICADO`, `ID_REGLA`, `EXPRESION_EVALUADA`, `FECHA_CREACION`, `HORA_CREACION`) VALUES('7bef001d-5ced-11eb-b8ed-0897988520bf', '377bfbd1-5ab3-11eb-aaa5-0897988520bf', 'cf1f9977-5aba-11eb-aaa5-0897988520bf', 'HUMEDAD_AMBIENTE', '15', 0, NULL, NULL, '2021-01-22', '15:07:42');

	COMMIT;
	
	/*Backup - Insertar datos errores log ejecución*/
	INSERT INTO `ERRORES_LOG_EJECUCION` (`ID_ERROR`, `CODIGO_ERROR`, `URL_ENDPOINT`, `MODULO`, `ENDPOINT`, `METODO_PRIMARIO`, `METODO_SECUNDARIO`, `DETALLES`, `MENSAJE_PANTALLA`, `FECHA_CREACION`, `HORA_CREACION`, `FECHA_ACTUALIZACION`, `HORA_ACTUALIZACION`) VALUES('048be760-5c1d-11eb-80f6-0897988520bf', '01NS_01POST_PARAMETERS00', 'http://host/api/nodoSensor', 'NODO_SENSOR', 'crearNodoSensor', 'POST', 'POST', 'Los parámetros ingresados en la petición no son los correctos y que pueden faltar parámetros o pueden estar mal escritos, revisar la documentación del endpoint crearNodoSensor', '${verificarParametro.messageFaltantes} or ${verificarParametro.messageMalEscritos}, please set a all required parameters', '2021-01-21', '14:15:26', NULL, NULL);
	INSERT INTO `ERRORES_LOG_EJECUCION` (`ID_ERROR`, `CODIGO_ERROR`, `URL_ENDPOINT`, `MODULO`, `ENDPOINT`, `METODO_PRIMARIO`, `METODO_SECUNDARIO`, `DETALLES`, `MENSAJE_PANTALLA`, `FECHA_CREACION`, `HORA_CREACION`, `FECHA_ACTUALIZACION`, `HORA_ACTUALIZACION`) VALUES('3b58641b-5b98-11eb-8137-0897988520bf', '01NS_01POST_POST01', 'http://host/api/nodoSensor', 'NODO_SENSOR', 'crearNodoSensor', 'POST', 'POST', 'El nodo sensor no puede ser creado, contactarse con en el administrador de este microservicio', 'The node sensor could not be created', '2021-01-20', '22:24:55', NULL, NULL);
	INSERT INTO `ERRORES_LOG_EJECUCION` (`ID_ERROR`, `CODIGO_ERROR`, `URL_ENDPOINT`, `MODULO`, `ENDPOINT`, `METODO_PRIMARIO`, `METODO_SECUNDARIO`, `DETALLES`, `MENSAJE_PANTALLA`, `FECHA_CREACION`, `HORA_CREACION`, `FECHA_ACTUALIZACION`, `HORA_ACTUALIZACION`) VALUES('2d20f62e-5c08-11eb-80f6-0897988520bf', '01NS_02GET_GET02', 'http://host/api/nodoSensor', 'NODO_SENSOR', 'consultarNodoSensorDinamico', 'GET', 'GET', 'No hay datos con los parametros fijado, revisar los parametros', 'There is/are no record(s) for sensor node with the parameter(s) set', '2021-01-21', '11:46:15', NULL, NULL);
	INSERT INTO `ERRORES_LOG_EJECUCION` (`ID_ERROR`, `CODIGO_ERROR`, `URL_ENDPOINT`, `MODULO`, `ENDPOINT`, `METODO_PRIMARIO`, `METODO_SECUNDARIO`, `DETALLES`, `MENSAJE_PANTALLA`, `FECHA_CREACION`, `HORA_CREACION`, `FECHA_ACTUALIZACION`, `HORA_ACTUALIZACION`) VALUES('2364dcac-5c05-11eb-80f6-0897988520bf', '01NS_02GET_GETPARAMETERS01', 'http://host/api/nodoSensor', 'NODO_SENSOR', 'consultarNodoSensorDinamico', 'GET', 'GETPARAM', 'Los parametros del JSON condicion pueden estar mal escritos o pueden faltar parametros, revisar la documentación del endpoint', '${verificarParametrosCondiciones.messageFaltantes} or ${verificarParametrosCondiciones.messageMalEscritos} in the condition: ${whereKeys[i].toUpperCase()}, please set a all required parameters', '2021-01-21', '11:24:30', NULL, NULL);
	INSERT INTO `ERRORES_LOG_EJECUCION` (`ID_ERROR`, `CODIGO_ERROR`, `URL_ENDPOINT`, `MODULO`, `ENDPOINT`, `METODO_PRIMARIO`, `METODO_SECUNDARIO`, `DETALLES`, `MENSAJE_PANTALLA`, `FECHA_CREACION`, `HORA_CREACION`, `FECHA_ACTUALIZACION`, `HORA_ACTUALIZACION`) VALUES('b482dd0c-5c1e-11eb-80f6-0897988520bf', '01NS_02GET_PARAMETERS00', 'http://host/api/nodoSensor', 'NODO_SENSOR', 'consultarNodoSensorDinamico', 'GET', 'PARAMETERS', 'Los parámetros ingresados en la petición no son los correctos y que pueden faltar parámetros o pueden estar mal escritos, revisar la documentación del endpoint consultarNodoSensorDinamico', '${verificarParametro.messageFaltantes} or ${verificarParametro.messageMalEscritos}, please set a all required parameters', '2021-01-21', '14:27:31', NULL, NULL);
	INSERT INTO `ERRORES_LOG_EJECUCION` (`ID_ERROR`, `CODIGO_ERROR`, `URL_ENDPOINT`, `MODULO`, `ENDPOINT`, `METODO_PRIMARIO`, `METODO_SECUNDARIO`, `DETALLES`, `MENSAJE_PANTALLA`, `FECHA_CREACION`, `HORA_CREACION`, `FECHA_ACTUALIZACION`, `HORA_ACTUALIZACION`) VALUES('e6903567-5b98-11eb-8137-0897988520bf', '01NS_03PUT_GET01', 'http://host/api/nodoSensor', 'NODO_SENSOR', 'actualizarNodoSensor', 'PUT', 'GET', 'El nodo sensor no con id fijado no es encontrado, por lo tanto no se puede actualizar', 'The register with ID: ${data.id_NODO_SENSOR} was not found', '2021-01-20', '22:29:42', NULL, NULL);
	INSERT INTO `ERRORES_LOG_EJECUCION` (`ID_ERROR`, `CODIGO_ERROR`, `URL_ENDPOINT`, `MODULO`, `ENDPOINT`, `METODO_PRIMARIO`, `METODO_SECUNDARIO`, `DETALLES`, `MENSAJE_PANTALLA`, `FECHA_CREACION`, `HORA_CREACION`, `FECHA_ACTUALIZACION`, `HORA_ACTUALIZACION`) VALUES('64fc15e0-5c1f-11eb-80f6-0897988520bf', '01NS_03PUT_PARAMETERS00', 'http://host/api/nodoSensor', 'NODO_SENSOR', 'actualizarNodoSensor', 'PUT', 'PARAMETERS', 'Los parámetros ingresados en la petición no son los correctos y que pueden faltar parámetros o pueden estar mal escritos, revisar la documentación del endpoint actualizarNodoSensor', '${verificarParametro.messageFaltantes} or ${verificarParametro.messageMalEscritos}, please set a all required parameters', '2021-01-21', '14:32:27', NULL, NULL);
	INSERT INTO `ERRORES_LOG_EJECUCION` (`ID_ERROR`, `CODIGO_ERROR`, `URL_ENDPOINT`, `MODULO`, `ENDPOINT`, `METODO_PRIMARIO`, `METODO_SECUNDARIO`, `DETALLES`, `MENSAJE_PANTALLA`, `FECHA_CREACION`, `HORA_CREACION`, `FECHA_ACTUALIZACION`, `HORA_ACTUALIZACION`) VALUES('de3490ff-5b99-11eb-8137-0897988520bf', '01NS_03PUT_PUT02', 'http://host/api/nodoSensor', 'NODO_SENSOR', 'actualizarNodoSensor', 'PUT', 'PUT', 'El nodo sensor no se puede actualizar, por favor contactarse con el administrador del microservicio', 'The register with ID: ${data.id_NODO_SENSOR} could not be updated', '2021-01-20', '22:36:38', NULL, NULL);
	INSERT INTO `ERRORES_LOG_EJECUCION` (`ID_ERROR`, `CODIGO_ERROR`, `URL_ENDPOINT`, `MODULO`, `ENDPOINT`, `METODO_PRIMARIO`, `METODO_SECUNDARIO`, `DETALLES`, `MENSAJE_PANTALLA`, `FECHA_CREACION`, `HORA_CREACION`, `FECHA_ACTUALIZACION`, `HORA_ACTUALIZACION`) VALUES('52315eb4-5b9a-11eb-8137-0897988520bf', '01NS_04DELETE_DELETE02', 'http://host/api/nodoSensor', 'NODO_SENSOR', 'eliminarNodoSensor', 'DELETE', 'DELETE', 'El nodo sensor no con id fijado no se puede eliminar, contactarse con el administrador del microservicio', 'The register with ID: ${data.id_NODO_SENSOR} could not be deleted', '2021-01-20', '22:39:52', NULL, NULL);
	INSERT INTO `ERRORES_LOG_EJECUCION` (`ID_ERROR`, `CODIGO_ERROR`, `URL_ENDPOINT`, `MODULO`, `ENDPOINT`, `METODO_PRIMARIO`, `METODO_SECUNDARIO`, `DETALLES`, `MENSAJE_PANTALLA`, `FECHA_CREACION`, `HORA_CREACION`, `FECHA_ACTUALIZACION`, `HORA_ACTUALIZACION`) VALUES('1dd45456-5b9a-11eb-8137-0897988520bf', '01NS_04DELETE_GET01', 'http://host/api/nodoSensor', 'NODO_SENSOR', 'eliminarNodoSensor', 'DELETE', 'GET', 'El nodo sensor no con id fijado no es encontrado, por lo tanto no se puede eliminar', 'The register with ID: ${data.id_NODO_SENSOR} was not found', '2021-01-20', '22:38:24', NULL, NULL);
	INSERT INTO `ERRORES_LOG_EJECUCION` (`ID_ERROR`, `CODIGO_ERROR`, `URL_ENDPOINT`, `MODULO`, `ENDPOINT`, `METODO_PRIMARIO`, `METODO_SECUNDARIO`, `DETALLES`, `MENSAJE_PANTALLA`, `FECHA_CREACION`, `HORA_CREACION`, `FECHA_ACTUALIZACION`, `HORA_ACTUALIZACION`) VALUES('aff6e3a3-5c1f-11eb-80f6-0897988520bf', '01NS_04DELETE_PARAMETERS00', 'http://host/api/nodoSensor', 'NODO_SENSOR', 'eliminarNodoSensor', 'DELETE', 'PARAMETERS', 'Los parámetros ingresados en la petición no son los correctos y que pueden faltar parámetros o pueden estar mal escritos, revisar la documentación del endpoint eliminarNodoSensor', '${verificarParametro.messageFaltantes} or ${verificarParametro.messageMalEscritos}, please set a all required parameters', '2021-01-21', '14:34:33', NULL, NULL);
	INSERT INTO `ERRORES_LOG_EJECUCION` (`ID_ERROR`, `CODIGO_ERROR`, `URL_ENDPOINT`, `MODULO`, `ENDPOINT`, `METODO_PRIMARIO`, `METODO_SECUNDARIO`, `DETALLES`, `MENSAJE_PANTALLA`, `FECHA_CREACION`, `HORA_CREACION`, `FECHA_ACTUALIZACION`, `HORA_ACTUALIZACION`) VALUES('6d9a684c-5cc0-11eb-b8ed-0897988520bf', '02VNS_01POST_DATA01', 'http://host/api/variablesNodoSensor', 'VARIABLES_NODO_SENSOR', 'crearVariablesNodoSensor', 'POST', 'DATA', 'El valor del parámetro NOMBRE_VARIABLE no cumple con los caractores permitidos, revisar la documentación del endpoint crearVariablesNodoSensor', 'The register with NOMBRE_VARIABLES: ${data.nombre_variable} contains characters not allowed, letters, numbers and underscore are allowed ', '2021-01-22', '09:45:10', NULL, NULL);
	INSERT INTO `ERRORES_LOG_EJECUCION` (`ID_ERROR`, `CODIGO_ERROR`, `URL_ENDPOINT`, `MODULO`, `ENDPOINT`, `METODO_PRIMARIO`, `METODO_SECUNDARIO`, `DETALLES`, `MENSAJE_PANTALLA`, `FECHA_CREACION`, `HORA_CREACION`, `FECHA_ACTUALIZACION`, `HORA_ACTUALIZACION`) VALUES('9260c519-5cc1-11eb-b8ed-0897988520bf', '02VNS_01POST_DATA02', 'http://host/api/variablesNodoSensor', 'VARIABLES_NODO_SENSOR', 'crearVariablesNodoSensor', 'POST', 'DATA', 'El rango mínimo de la variable que se quiere es mayor al rango máximo establecido, establecer el rango mínimo y rango máximo de la variable adecuadamente.', '`The minimun rank: ${data.rango_min} is greater than maximun rank: ${data.rango_max}', '2021-01-22', '09:53:21', NULL, NULL);
	INSERT INTO `ERRORES_LOG_EJECUCION` (`ID_ERROR`, `CODIGO_ERROR`, `URL_ENDPOINT`, `MODULO`, `ENDPOINT`, `METODO_PRIMARIO`, `METODO_SECUNDARIO`, `DETALLES`, `MENSAJE_PANTALLA`, `FECHA_CREACION`, `HORA_CREACION`, `FECHA_ACTUALIZACION`, `HORA_ACTUALIZACION`) VALUES('cb612e8a-5cc1-11eb-b8ed-0897988520bf', '02VNS_01POST_DATA03', 'http://host/api/variablesNodoSensor', 'VARIABLES_NODO_SENSOR', 'crearVariablesNodoSensor', 'POST', 'DATA', 'El rango mínimo de la variable que se quiere es igual al rango máximo establecido, establecer el rango mínimo y rango máximo de la variable adecuadamente.', 'The minimun rank: ${data.rango_min} is the samse as maximun rank: ${data.rango_max}', '2021-01-22', '09:54:57', NULL, NULL);
	INSERT INTO `ERRORES_LOG_EJECUCION` (`ID_ERROR`, `CODIGO_ERROR`, `URL_ENDPOINT`, `MODULO`, `ENDPOINT`, `METODO_PRIMARIO`, `METODO_SECUNDARIO`, `DETALLES`, `MENSAJE_PANTALLA`, `FECHA_CREACION`, `HORA_CREACION`, `FECHA_ACTUALIZACION`, `HORA_ACTUALIZACION`) VALUES('54425a92-5cc1-11eb-b8ed-0897988520bf', '02VNS_01POST_GET01', 'http://host/api/variablesNodoSensor', 'VARIABLES_NODO_SENSOR', 'crearVariablesNodoSensor', 'POST', 'GET', 'La variable que se quiere agregar con ese NOMBRE_VARIABLES ya existe, seleccionar un NOMBRE_VARIABLES distinto a los que ya existe', 'The variable: ${data.nombre_variable} already exist', '2021-01-22', '09:51:37', NULL, NULL);
	INSERT INTO `ERRORES_LOG_EJECUCION` (`ID_ERROR`, `CODIGO_ERROR`, `URL_ENDPOINT`, `MODULO`, `ENDPOINT`, `METODO_PRIMARIO`, `METODO_SECUNDARIO`, `DETALLES`, `MENSAJE_PANTALLA`, `FECHA_CREACION`, `HORA_CREACION`, `FECHA_ACTUALIZACION`, `HORA_ACTUALIZACION`) VALUES('8c9dc944-5cc3-11eb-b8ed-0897988520bf', '02VNS_01POST_PARAMETER00', 'http://host/api/variablesNodoSensor', 'VARIABLES_NODO_SENSOR', 'crearVariablesNodoSensor', 'POST', 'PARAMETERS', 'Los parámetros ingresados en la petición no son los correctos; pueden faltar parámetros o pueden estar mal escritos, revisar la documentación del endpoint crearVariablesNodoSensor', '${verificarParametro.messageFaltantes} or ${verificarParametro.messageMalEscritos}, please set a all required parameters', '2021-01-22', '10:07:31', NULL, NULL);
	INSERT INTO `ERRORES_LOG_EJECUCION` (`ID_ERROR`, `CODIGO_ERROR`, `URL_ENDPOINT`, `MODULO`, `ENDPOINT`, `METODO_PRIMARIO`, `METODO_SECUNDARIO`, `DETALLES`, `MENSAJE_PANTALLA`, `FECHA_CREACION`, `HORA_CREACION`, `FECHA_ACTUALIZACION`, `HORA_ACTUALIZACION`) VALUES('04bec9b7-5cc2-11eb-b8ed-0897988520bf', '02VNS_01POST_POST04', 'http://host/api/variablesNodoSensor', 'VARIABLES_NODO_SENSOR', 'crearVariablesNodoSensor', 'POST', 'POST', 'La variable no puede ser agregada, contactarse con el administrador del microservicio', 'The variable: ${data.nombre_variable} could not be created', '2021-01-22', '09:56:33', NULL, NULL);
	INSERT INTO `ERRORES_LOG_EJECUCION` (`ID_ERROR`, `CODIGO_ERROR`, `URL_ENDPOINT`, `MODULO`, `ENDPOINT`, `METODO_PRIMARIO`, `METODO_SECUNDARIO`, `DETALLES`, `MENSAJE_PANTALLA`, `FECHA_CREACION`, `HORA_CREACION`, `FECHA_ACTUALIZACION`, `HORA_ACTUALIZACION`) VALUES('30accf08-5cc7-11eb-b8ed-0897988520bf', '02VNS_02GET_GET02', 'http://host/api/variablesNodoSensor', 'VARIABLES_NODO_SENSOR', 'consultarVariablesNodoSensorDinamico', 'GET', 'GET', 'No hay datos con los parámetros fijados, establecer otros de acuerdo a los datos disponibles ', 'There is/are no record(s) for variables sensor node with the parameter(s) set', '2021-01-22', '10:33:34', NULL, NULL);
	INSERT INTO `ERRORES_LOG_EJECUCION` (`ID_ERROR`, `CODIGO_ERROR`, `URL_ENDPOINT`, `MODULO`, `ENDPOINT`, `METODO_PRIMARIO`, `METODO_SECUNDARIO`, `DETALLES`, `MENSAJE_PANTALLA`, `FECHA_CREACION`, `HORA_CREACION`, `FECHA_ACTUALIZACION`, `HORA_ACTUALIZACION`) VALUES('bfeabd3a-5cc6-11eb-b8ed-0897988520bf', '02VNS_02GET_GETPARAMETER01', 'http://host/api/variablesNodoSensor', 'VARIABLES_NODO_SENSOR', 'consultarVariablesNodoSensorDinamico', 'GET', 'GETPARAM', 'Los parametros del JSON condicion pueden estar mal escritos o pueden faltar parametros, revisar la documentación del endpoint consultarVariablesNodoSensorDinamico', '${verificarParametrosCondiciones.messageFaltantes} or ${verificarParametrosCondiciones.messageMalEscritos} in the condition: ${whereKeys[i].toUpperCase()}, please set a all required parameters', '2021-01-22', '10:30:25', NULL, NULL);
	INSERT INTO `ERRORES_LOG_EJECUCION` (`ID_ERROR`, `CODIGO_ERROR`, `URL_ENDPOINT`, `MODULO`, `ENDPOINT`, `METODO_PRIMARIO`, `METODO_SECUNDARIO`, `DETALLES`, `MENSAJE_PANTALLA`, `FECHA_CREACION`, `HORA_CREACION`, `FECHA_ACTUALIZACION`, `HORA_ACTUALIZACION`) VALUES('e93ba332-5cc7-11eb-b8ed-0897988520bf', '02VNS_02GET_PARAMETER00', 'http://host/api/variablesNodoSensor', 'VARIABLES_NODO_SENSOR', 'consultarVariablesNodoSensorDinamico', 'GET', 'PARAMETERS', 'Los parámetros ingresados en la petición no son los correctos; pueden faltar parámetros o pueden estar mal escritos, revisar la documentación del endpoint consultarVariablesNodoSensorDinamico', '${verificarParametro.messageFaltantes} or ${verificarParametro.messageMalEscritos}, please set a all required parameters', '2021-01-22', '10:38:44', NULL, NULL);
	INSERT INTO `ERRORES_LOG_EJECUCION` (`ID_ERROR`, `CODIGO_ERROR`, `URL_ENDPOINT`, `MODULO`, `ENDPOINT`, `METODO_PRIMARIO`, `METODO_SECUNDARIO`, `DETALLES`, `MENSAJE_PANTALLA`, `FECHA_CREACION`, `HORA_CREACION`, `FECHA_ACTUALIZACION`, `HORA_ACTUALIZACION`) VALUES('0caf50cf-5ccb-11eb-b8ed-0897988520bf', '02VNS_03PUT_DATA01', 'http://host/api/variablesNodoSensor', 'VARIABLES_NODO_SENSOR', 'actualizarVariableByID', 'PUT', 'DATA', 'El valor del parámetro NOMBRE_VARIABLE no cumple con los caractores permitidos, revisar la documentación del endpoint crearVariablesNodoSensor', 'The register with NOMBRE_VARIABLES: ${data.nombre_variable} contains characters not allowed, letters, numbers and underscore are allowed ', '2021-01-22', '11:01:12', NULL, NULL);
	INSERT INTO `ERRORES_LOG_EJECUCION` (`ID_ERROR`, `CODIGO_ERROR`, `URL_ENDPOINT`, `MODULO`, `ENDPOINT`, `METODO_PRIMARIO`, `METODO_SECUNDARIO`, `DETALLES`, `MENSAJE_PANTALLA`, `FECHA_CREACION`, `HORA_CREACION`, `FECHA_ACTUALIZACION`, `HORA_ACTUALIZACION`) VALUES('a4b03332-5ccb-11eb-b8ed-0897988520bf', '02VNS_03PUT_DATA03', 'http://host/api/variablesNodoSensor', 'VARIABLES_NODO_SENSOR', 'actualizarVariableByID', 'PUT', 'DATA', 'El rango mínimo de la variable que se quiere actualizar es mayor al rango máximo establecido, establecer el rango mínimo y rango máximo de la variable adecuadamente', 'The minimun rank: ${data.rango_min} is greater than maximun rank: ${data.rango_max}', '2021-01-22', '11:05:27', NULL, NULL);
	INSERT INTO `ERRORES_LOG_EJECUCION` (`ID_ERROR`, `CODIGO_ERROR`, `URL_ENDPOINT`, `MODULO`, `ENDPOINT`, `METODO_PRIMARIO`, `METODO_SECUNDARIO`, `DETALLES`, `MENSAJE_PANTALLA`, `FECHA_CREACION`, `HORA_CREACION`, `FECHA_ACTUALIZACION`, `HORA_ACTUALIZACION`) VALUES('c35af58e-5ccb-11eb-b8ed-0897988520bf', '02VNS_03PUT_DATA04', 'http://host/api/variablesNodoSensor', 'VARIABLES_NODO_SENSOR', 'actualizarVariableByID', 'PUT', 'DATA', 'El rango mínimo de la variable que se quiere actualizar es igual al rango máximo establecido, establecer el rango mínimo y rango máximo de la variable adecuadamente.', 'The minimun rank: ${data.rango_min} is the samse as maximun rank: ${data.rango_max}', '2021-01-22', '11:06:19', NULL, NULL);
	INSERT INTO `ERRORES_LOG_EJECUCION` (`ID_ERROR`, `CODIGO_ERROR`, `URL_ENDPOINT`, `MODULO`, `ENDPOINT`, `METODO_PRIMARIO`, `METODO_SECUNDARIO`, `DETALLES`, `MENSAJE_PANTALLA`, `FECHA_CREACION`, `HORA_CREACION`, `FECHA_ACTUALIZACION`, `HORA_ACTUALIZACION`) VALUES('6df491f7-5ccb-11eb-b8ed-0897988520bf', '02VNS_03PUT_GET02', 'http://host/api/variablesNodoSensor', 'VARIABLES_NODO_SENSOR', 'actualizarVariableByID', 'PUT', 'GET', 'La variable que se busca por ID_VARIABLE no existe, establece un ID_VARIABLE disposnible en los datos', 'The register with ID_VARIABLE: ${data.id_variable} was not found', '2021-01-22', '11:03:55', NULL, NULL);
	INSERT INTO `ERRORES_LOG_EJECUCION` (`ID_ERROR`, `CODIGO_ERROR`, `URL_ENDPOINT`, `MODULO`, `ENDPOINT`, `METODO_PRIMARIO`, `METODO_SECUNDARIO`, `DETALLES`, `MENSAJE_PANTALLA`, `FECHA_CREACION`, `HORA_CREACION`, `FECHA_ACTUALIZACION`, `HORA_ACTUALIZACION`) VALUES('02697a54-5ccc-11eb-b8ed-0897988520bf', '02VNS_03PUT_GET05', 'http://host/api/variablesNodoSensor', 'VARIABLES_NODO_SENSOR', 'actualizarVariableByID', 'PUT', 'GET', 'El nombre de la variable que se quiere actualizar ya existe en otra variable, el nombre de la variable debe ser único, se debe escger otro nombre de variable', 'The variable with ID_VARIABLE: ${data.id_variable} and NOMBRE_VARIABLE: ${data.nombre_variable} already exist in the variable register with NOMBRE_VARIABLE: ${existenciaVariableJson.ID_VARIABLE}', '2021-01-22', '11:08:04', NULL, NULL);
	INSERT INTO `ERRORES_LOG_EJECUCION` (`ID_ERROR`, `CODIGO_ERROR`, `URL_ENDPOINT`, `MODULO`, `ENDPOINT`, `METODO_PRIMARIO`, `METODO_SECUNDARIO`, `DETALLES`, `MENSAJE_PANTALLA`, `FECHA_CREACION`, `HORA_CREACION`, `FECHA_ACTUALIZACION`, `HORA_ACTUALIZACION`) VALUES('4768f10b-5ccf-11eb-b8ed-0897988520bf', '02VNS_03PUT_PARAMETER00', 'http://host/api/variablesNodoSensor', 'VARIABLES_NODO_SENSOR', 'actualizarVariableByID', 'PUT', 'PARAMETERS', 'Los parámetros ingresados en la petición no son los correctos; pueden faltar parámetros o pueden estar mal escritos, revisar la documentación del endpoint actualizarVariableByID', '${verificarParametro.messageFaltantes} or ${verificarParametro.messageMalEscritos}, please set a all required parameters', '2021-01-22', '11:31:29', NULL, NULL);
	INSERT INTO `ERRORES_LOG_EJECUCION` (`ID_ERROR`, `CODIGO_ERROR`, `URL_ENDPOINT`, `MODULO`, `ENDPOINT`, `METODO_PRIMARIO`, `METODO_SECUNDARIO`, `DETALLES`, `MENSAJE_PANTALLA`, `FECHA_CREACION`, `HORA_CREACION`, `FECHA_ACTUALIZACION`, `HORA_ACTUALIZACION`) VALUES('9d5eb976-5ccc-11eb-b8ed-0897988520bf', '02VNS_03PUT_PUT06', 'http://host/api/variablesNodoSensor', 'VARIABLES_NODO_SENSOR', 'actualizarVariableByID', 'PUT', 'PUT', 'La variable con el ID_VARIABLE no se puede actualizar, comunicarse con el administrador del microservicio', 'The register with ID_VARIABLE: ${data.id_variable} could not be updated', '2021-01-22', '11:12:24', NULL, NULL);
	INSERT INTO `ERRORES_LOG_EJECUCION` (`ID_ERROR`, `CODIGO_ERROR`, `URL_ENDPOINT`, `MODULO`, `ENDPOINT`, `METODO_PRIMARIO`, `METODO_SECUNDARIO`, `DETALLES`, `MENSAJE_PANTALLA`, `FECHA_CREACION`, `HORA_CREACION`, `FECHA_ACTUALIZACION`, `HORA_ACTUALIZACION`) VALUES('0ddff810-5cce-11eb-b8ed-0897988520bf', '02VNS_04DELETE_DELETE04', 'http://host/api/variablesNodoSensor', 'VARIABLES_NODO_SENSOR', 'eliminarVariableByIDByNombreVariable', 'DELETE', 'DELETE', 'El registro de variable que se quiere eliminar con ID_VARIABLE O NOMBRE_VARIABLE no se puede eliminar, comunicarse con el administrador del microservicio', 'The register with ID_VARIABLE: ${data.id_variable} and NOMBRE_VARIABLE: ${data.nombre_variable} could not be deleted', '2021-01-22', '11:22:43', NULL, NULL);
	INSERT INTO `ERRORES_LOG_EJECUCION` (`ID_ERROR`, `CODIGO_ERROR`, `URL_ENDPOINT`, `MODULO`, `ENDPOINT`, `METODO_PRIMARIO`, `METODO_SECUNDARIO`, `DETALLES`, `MENSAJE_PANTALLA`, `FECHA_CREACION`, `HORA_CREACION`, `FECHA_ACTUALIZACION`, `HORA_ACTUALIZACION`) VALUES('23dfd65b-5cce-11eb-b8ed-0897988520bf', '02VNS_04DELETE_DELETE05', 'http://host/api/variablesNodoSensor', 'VARIABLES_NODO_SENSOR', 'eliminarVariableByIDByNombreVariable', 'DELETE', 'DELETE', 'El registro de variable que se quiere eliminar con ID_VARIABLE no se puede eliminar, comunicarse con el administrador del microservicio', 'The register with ID_VARIABLE: ${data.id_variable} could not be deleted', '2021-01-22', '11:23:19', NULL, NULL);
	INSERT INTO `ERRORES_LOG_EJECUCION` (`ID_ERROR`, `CODIGO_ERROR`, `URL_ENDPOINT`, `MODULO`, `ENDPOINT`, `METODO_PRIMARIO`, `METODO_SECUNDARIO`, `DETALLES`, `MENSAJE_PANTALLA`, `FECHA_CREACION`, `HORA_CREACION`, `FECHA_ACTUALIZACION`, `HORA_ACTUALIZACION`) VALUES('3a1bdf32-5cce-11eb-b8ed-0897988520bf', '02VNS_04DELETE_DELETE06', 'http://host/api/variablesNodoSensor', 'VARIABLES_NODO_SENSOR', 'eliminarVariableByIDByNombreVariable', 'DELETE', 'DELETE', 'El registro de variable que se quiere eliminar con NOMBRE_VARIABLE no se puede eliminar, comunicarse con el administrador del microservicio', 'The register with NOMBRE_VARIABLE: ${data.nombre_variable} could not be deleted', '2021-01-22', '11:23:57', NULL, NULL);
	INSERT INTO `ERRORES_LOG_EJECUCION` (`ID_ERROR`, `CODIGO_ERROR`, `URL_ENDPOINT`, `MODULO`, `ENDPOINT`, `METODO_PRIMARIO`, `METODO_SECUNDARIO`, `DETALLES`, `MENSAJE_PANTALLA`, `FECHA_CREACION`, `HORA_CREACION`, `FECHA_ACTUALIZACION`, `HORA_ACTUALIZACION`) VALUES('a2e6b6c5-5ccd-11eb-b8ed-0897988520bf', '02VNS_04DELETE_GET01', 'http://host/api/variablesNodoSensor', 'VARIABLES_NODO_SENSOR', 'eliminarVariableByIDByNombreVariable', 'DELETE', 'GET', 'El registro de variable que se quiere eliminar con ID_VARIABLE o NOMBRE VARIABLE no existe, se debe pasar uno de los dos datos que este disponibles en variable', 'The register with ID_VARIABLE: ${data.id_variable} and NOMBRE_VARIABLE: ${data.nombre_variable} was not found', '2021-01-22', '11:19:43', NULL, NULL);
	INSERT INTO `ERRORES_LOG_EJECUCION` (`ID_ERROR`, `CODIGO_ERROR`, `URL_ENDPOINT`, `MODULO`, `ENDPOINT`, `METODO_PRIMARIO`, `METODO_SECUNDARIO`, `DETALLES`, `MENSAJE_PANTALLA`, `FECHA_CREACION`, `HORA_CREACION`, `FECHA_ACTUALIZACION`, `HORA_ACTUALIZACION`) VALUES('bdab73f8-5ccd-11eb-b8ed-0897988520bf', '02VNS_04DELETE_GET02', 'http://host/api/variablesNodoSensor', 'VARIABLES_NODO_SENSOR', 'eliminarVariableByIDByNombreVariable', 'DELETE', 'GET', 'El registro de variable que se quiere eliminar con ID_VARIABLE no existe, se debe pasar ID_VARIABLE que este disponibles en variable', 'The register with ID_VARIABLE: ${data.id_variable} was not found', '2021-01-22', '11:20:28', NULL, NULL);
	INSERT INTO `ERRORES_LOG_EJECUCION` (`ID_ERROR`, `CODIGO_ERROR`, `URL_ENDPOINT`, `MODULO`, `ENDPOINT`, `METODO_PRIMARIO`, `METODO_SECUNDARIO`, `DETALLES`, `MENSAJE_PANTALLA`, `FECHA_CREACION`, `HORA_CREACION`, `FECHA_ACTUALIZACION`, `HORA_ACTUALIZACION`) VALUES('daba7b94-5ccd-11eb-b8ed-0897988520bf', '02VNS_04DELETE_GET03', 'http://host/api/variablesNodoSensor', 'VARIABLES_NODO_SENSOR', 'eliminarVariableByIDByNombreVariable', 'DELETE', 'GET', 'El registro de variable que se quiere eliminar con NOMBRE_VARIABLE no existe, se debe pasar NOMBRE_VARIABLE que este disponibles en variable', 'The register with NOMBRE_VARIABLE: ${data.nombre_variable} was not found', '2021-01-22', '11:21:17', NULL, NULL);
	INSERT INTO `ERRORES_LOG_EJECUCION` (`ID_ERROR`, `CODIGO_ERROR`, `URL_ENDPOINT`, `MODULO`, `ENDPOINT`, `METODO_PRIMARIO`, `METODO_SECUNDARIO`, `DETALLES`, `MENSAJE_PANTALLA`, `FECHA_CREACION`, `HORA_CREACION`, `FECHA_ACTUALIZACION`, `HORA_ACTUALIZACION`) VALUES('ffcbb8f3-5cce-11eb-b8ed-0897988520bf', '02VNS_04DELETE_PARAMETER00', 'http://host/api/variablesNodoSensor', 'VARIABLES_NODO_SENSOR', 'eliminarVariableByIDByNombreVariable', 'DELETE', 'PARAMETERS', 'Los parámetros ingresados en la petición no son los correctos; pueden faltar parámetros o pueden estar mal escritos, revisar la documentación del endpoint eliminarVariableByIDByNombreVariable', '${verificarParametro.messageFaltantes} or ${verificarParametro.messageMalEscritos}, please set a all required parameters', '2021-01-22', '11:29:28', NULL, NULL);
	INSERT INTO `ERRORES_LOG_EJECUCION` (`ID_ERROR`, `CODIGO_ERROR`, `URL_ENDPOINT`, `MODULO`, `ENDPOINT`, `METODO_PRIMARIO`, `METODO_SECUNDARIO`, `DETALLES`, `MENSAJE_PANTALLA`, `FECHA_CREACION`, `HORA_CREACION`, `FECHA_ACTUALIZACION`, `HORA_ACTUALIZACION`) VALUES('f899e69d-5cd3-11eb-b8ed-0897988520bf', '03CVNS_01POST_GET01', 'http://host/api/configuracionVariablesNodoSensor', 'CONFIGURACION_VARIABLES_NODO_SENSOR', 'crearConfiguracioVariableNodoSensor', 'POST', 'GET', 'El nodo sensor y la variable que desean configurar no existe, seleccionar uno de los nodos sensores y variable que ya estan registrados', 'The sensor node with ID_NODO_SENSOR: ${data.id_NODO_SENSOR} and variable with ID_VARIABLE: ${data.id_variable} were not found', '2021-01-22', '12:05:04', NULL, NULL);
	INSERT INTO `ERRORES_LOG_EJECUCION` (`ID_ERROR`, `CODIGO_ERROR`, `URL_ENDPOINT`, `MODULO`, `ENDPOINT`, `METODO_PRIMARIO`, `METODO_SECUNDARIO`, `DETALLES`, `MENSAJE_PANTALLA`, `FECHA_CREACION`, `HORA_CREACION`, `FECHA_ACTUALIZACION`, `HORA_ACTUALIZACION`) VALUES('1bac1684-5cd4-11eb-b8ed-0897988520bf', '03CVNS_01POST_GET02', 'http://host/api/configuracionVariablesNodoSensor', 'CONFIGURACION_VARIABLES_NODO_SENSOR', 'crearConfiguracioVariableNodoSensor', 'POST', 'GET', 'El nodo sensor que se desea configurar  con la variable no existe, seleccionar uno de los nodos sensores ya estan registrados', 'The sensor node with ID_NODO_SENSOR: ${data.id_NODO_SENSOR} was not found', '2021-01-22', '12:06:03', NULL, NULL);
	INSERT INTO `ERRORES_LOG_EJECUCION` (`ID_ERROR`, `CODIGO_ERROR`, `URL_ENDPOINT`, `MODULO`, `ENDPOINT`, `METODO_PRIMARIO`, `METODO_SECUNDARIO`, `DETALLES`, `MENSAJE_PANTALLA`, `FECHA_CREACION`, `HORA_CREACION`, `FECHA_ACTUALIZACION`, `HORA_ACTUALIZACION`) VALUES('3c61fce8-5cd4-11eb-b8ed-0897988520bf', '03CVNS_01POST_GET03', 'http://host/api/configuracionVariablesNodoSensor', 'CONFIGURACION_VARIABLES_NODO_SENSOR', 'crearConfiguracioVariableNodoSensor', 'POST', 'GET', 'La variable que se desea configurar  con el nodo sensor no existe, seleccionar una de las variables ya estan registradas', 'The variable with NOMBRE_VARIABLE: ${data.nombre_variable} was not found', '2021-01-22', '12:06:58', NULL, NULL);
	INSERT INTO `ERRORES_LOG_EJECUCION` (`ID_ERROR`, `CODIGO_ERROR`, `URL_ENDPOINT`, `MODULO`, `ENDPOINT`, `METODO_PRIMARIO`, `METODO_SECUNDARIO`, `DETALLES`, `MENSAJE_PANTALLA`, `FECHA_CREACION`, `HORA_CREACION`, `FECHA_ACTUALIZACION`, `HORA_ACTUALIZACION`) VALUES('68ac21d9-5cd4-11eb-b8ed-0897988520bf', '03CVNS_01POST_GET04', 'http://host/api/configuracionVariablesNodoSensor', 'CONFIGURACION_VARIABLES_NODO_SENSOR', 'crearConfiguracioVariableNodoSensor', 'POST', 'GET', 'La configuración ingresada ya existe, seleccionar otro nodo sensor o variable que se encuentren resgitrados', 'The variable configuration with ID_NODO_SENSOR: ${data.id_NODO_SENSOR} and ID_VARIABLE: ${existenciaConfiguracionVarJson.ID_VARIABLE} and NOMBRE_VARIABLE: ${data.nombre_variable} already exist', '2021-01-22', '12:08:12', NULL, NULL);
	INSERT INTO `ERRORES_LOG_EJECUCION` (`ID_ERROR`, `CODIGO_ERROR`, `URL_ENDPOINT`, `MODULO`, `ENDPOINT`, `METODO_PRIMARIO`, `METODO_SECUNDARIO`, `DETALLES`, `MENSAJE_PANTALLA`, `FECHA_CREACION`, `HORA_CREACION`, `FECHA_ACTUALIZACION`, `HORA_ACTUALIZACION`) VALUES('fdf05aaa-5cd4-11eb-b8ed-0897988520bf', '03CVNS_01POST_PARAMETER00', 'http://host/api/configuracionVariablesNodoSensor', 'CONFIGURACION_VARIABLES_NODO_SENSOR', 'crearConfiguracioVariableNodoSensor', 'POST', 'PARAMETERS', 'Los parámetros ingresados en la petición no son los correctos; pueden faltar parámetros o pueden estar mal escritos, revisar la documentación del endpoint crearConfiguracioVariableNodoSensor', '${verificarParametro.messageFaltantes} or ${verificarParametro.messageMalEscritos}, please set a all required parameters', '2021-01-22', '12:12:22', NULL, NULL);
	INSERT INTO `ERRORES_LOG_EJECUCION` (`ID_ERROR`, `CODIGO_ERROR`, `URL_ENDPOINT`, `MODULO`, `ENDPOINT`, `METODO_PRIMARIO`, `METODO_SECUNDARIO`, `DETALLES`, `MENSAJE_PANTALLA`, `FECHA_CREACION`, `HORA_CREACION`, `FECHA_ACTUALIZACION`, `HORA_ACTUALIZACION`) VALUES('8b39b934-5cd4-11eb-b8ed-0897988520bf', '03CVNS_01POST_POST05', 'http://host/api/configuracionVariablesNodoSensor', 'CONFIGURACION_VARIABLES_NODO_SENSOR', 'crearConfiguracioVariableNodoSensor', 'POST', 'POST', 'La configuración ingresada no se puede crear, comunicarse con el administrador del microservicio', 'The variable configuration with ID_NODO_SENSOR: ${data.id_NODO_SENSOR} and ID_VARIABLE: ${data.id_variable} could not be created', '2021-01-22', '12:09:10', NULL, NULL);
	INSERT INTO `ERRORES_LOG_EJECUCION` (`ID_ERROR`, `CODIGO_ERROR`, `URL_ENDPOINT`, `MODULO`, `ENDPOINT`, `METODO_PRIMARIO`, `METODO_SECUNDARIO`, `DETALLES`, `MENSAJE_PANTALLA`, `FECHA_CREACION`, `HORA_CREACION`, `FECHA_ACTUALIZACION`, `HORA_ACTUALIZACION`) VALUES('ee2d29c8-5cd5-11eb-b8ed-0897988520bf', '03CVNS_02GET_GET02', 'http://host/api/configuracionVariablesNodoSensor', 'CONFIGURACION_VARIABLES_NODO_SENSOR', 'consultarConfiguracionesVariablesNodoSensorDinamico', 'GET', 'GET', 'Con los parametros y condicione establecidas no existen datos, estableces otras conndiciones segun los datos disponibles', 'There is/are no record(s) for variable configuration with the parameter(s) set', '2021-01-22', '12:19:05', NULL, NULL);
	INSERT INTO `ERRORES_LOG_EJECUCION` (`ID_ERROR`, `CODIGO_ERROR`, `URL_ENDPOINT`, `MODULO`, `ENDPOINT`, `METODO_PRIMARIO`, `METODO_SECUNDARIO`, `DETALLES`, `MENSAJE_PANTALLA`, `FECHA_CREACION`, `HORA_CREACION`, `FECHA_ACTUALIZACION`, `HORA_ACTUALIZACION`) VALUES('ba890420-5cd5-11eb-b8ed-0897988520bf', '03CVNS_02GET_GETPARAMETER01', 'http://host/api/configuracionVariablesNodoSensor', 'CONFIGURACION_VARIABLES_NODO_SENSOR', 'consultarConfiguracionesVariablesNodoSensorDinamico', 'GET', 'GETPARAM', 'Los parametros del JSON condicion pueden estar mal escritos o pueden faltar parametros, revisar la documentación del endpoint consultarConfiguracionesVariablesNodoSensorDinamico', '${verificarParametrosCondiciones.messageFaltantes} or ${verificarParametrosCondiciones.messageMalEscritos} in the condition: ${whereKeys[i].toUpperCase()}, please set a all required parameters', '2021-01-22', '12:17:39', NULL, NULL);
	INSERT INTO `ERRORES_LOG_EJECUCION` (`ID_ERROR`, `CODIGO_ERROR`, `URL_ENDPOINT`, `MODULO`, `ENDPOINT`, `METODO_PRIMARIO`, `METODO_SECUNDARIO`, `DETALLES`, `MENSAJE_PANTALLA`, `FECHA_CREACION`, `HORA_CREACION`, `FECHA_ACTUALIZACION`, `HORA_ACTUALIZACION`) VALUES('58ef21e4-5cd6-11eb-b8ed-0897988520bf', '03CVNS_02GET_PARAMETER00', 'http://host/api/configuracionVariablesNodoSensor', 'CONFIGURACION_VARIABLES_NODO_SENSOR', 'consultarConfiguracionesVariablesNodoSensorDinamico', 'GET', 'PARAMETERS', 'Los parámetros ingresados en la petición no son los correctos; pueden faltar parámetros o pueden estar mal escritos, revisar la documentación del endpoint consultarConfiguracionesVariablesNodoSensorDinamico', '${verificarParametro.messageFaltantes} or ${verificarParametro.messageMalEscritos}, please set a all required parameters', '2021-01-22', '12:22:04', NULL, NULL);
	INSERT INTO `ERRORES_LOG_EJECUCION` (`ID_ERROR`, `CODIGO_ERROR`, `URL_ENDPOINT`, `MODULO`, `ENDPOINT`, `METODO_PRIMARIO`, `METODO_SECUNDARIO`, `DETALLES`, `MENSAJE_PANTALLA`, `FECHA_CREACION`, `HORA_CREACION`, `FECHA_ACTUALIZACION`, `HORA_ACTUALIZACION`) VALUES('df9d117b-5cd6-11eb-b8ed-0897988520bf', '03CVNS_04DELETE_DELETE02', 'http://host/api/configuracionVariablesNodoSensor', 'CONFIGURACION_VARIABLES_NODO_SENSOR', 'eliminarConfiguracionVariablesNodoSensorByIDConfiguracion', 'DELETE', 'DELETE', 'El registro ID_CONFIGRACION no puede ser eliminado, comunicarse con el administrador del microservicio', 'The register with ID_CONFIGURACION: ${data.id_configuracion} could not be deleted', '2021-01-22', '12:25:50', NULL, NULL);
	INSERT INTO `ERRORES_LOG_EJECUCION` (`ID_ERROR`, `CODIGO_ERROR`, `URL_ENDPOINT`, `MODULO`, `ENDPOINT`, `METODO_PRIMARIO`, `METODO_SECUNDARIO`, `DETALLES`, `MENSAJE_PANTALLA`, `FECHA_CREACION`, `HORA_CREACION`, `FECHA_ACTUALIZACION`, `HORA_ACTUALIZACION`) VALUES('a4c76d82-5cd6-11eb-b8ed-0897988520bf', '03CVNS_04DELETE_GET01', 'http://host/api/configuracionVariablesNodoSensor', 'CONFIGURACION_VARIABLES_NODO_SENSOR', 'eliminarConfiguracionVariablesNodoSensorByIDConfiguracion', 'DELETE', 'GET', 'El registro ID_CONFIGRACION para eliminar no es encontrado, se debe pasar un ID_CONFIGURACION que este registrado', 'The register with ID_CONFIGURACION: ${data.id_configuracion} was not found', '2021-01-22', '12:24:12', NULL, NULL);
	INSERT INTO `ERRORES_LOG_EJECUCION` (`ID_ERROR`, `CODIGO_ERROR`, `URL_ENDPOINT`, `MODULO`, `ENDPOINT`, `METODO_PRIMARIO`, `METODO_SECUNDARIO`, `DETALLES`, `MENSAJE_PANTALLA`, `FECHA_CREACION`, `HORA_CREACION`, `FECHA_ACTUALIZACION`, `HORA_ACTUALIZACION`) VALUES('51058147-5cd7-11eb-b8ed-0897988520bf', '03CVNS_04DELETE_PARAMETER00', 'http://host/api/configuracionVariablesNodoSensor', 'CONFIGURACION_VARIABLES_NODO_SENSOR', 'eliminarConfiguracionVariablesNodoSensorByIDConfiguracion', 'DELETE', 'PARAMETERS', 'Los parámetros ingresados en la petición no son los correctos; pueden faltar parámetros o pueden estar mal escritos, revisar la documentación del endpoint eliminarConfiguracionVariablesNodoSensorByIDConfiguracion', '${verificarParametro.messageFaltantes} or ${verificarParametro.messageMalEscritos}, please set a all required parameters', '2021-01-22', '12:29:01', NULL, NULL);
	INSERT INTO `ERRORES_LOG_EJECUCION` (`ID_ERROR`, `CODIGO_ERROR`, `URL_ENDPOINT`, `MODULO`, `ENDPOINT`, `METODO_PRIMARIO`, `METODO_SECUNDARIO`, `DETALLES`, `MENSAJE_PANTALLA`, `FECHA_CREACION`, `HORA_CREACION`, `FECHA_ACTUALIZACION`, `HORA_ACTUALIZACION`) VALUES('57295582-5ce2-11eb-b8ed-0897988520bf', '04RVNS_01POST_GET01', 'http://host/api/reglasNodoSensor', 'REGLAS_VARIABLES_NODO_SENSOR', 'crearReglaNodoSensor', 'POST', 'GET', 'El nodo sensor y la variable que desean configurar en las reglas no existe, seleccionar uno de los nodos sensores y variable que ya estan registrados', 'The sensor node with ID_NODO_SENSOR: ${data.id_NODO_SENSOR} and variable with ID_VARIABLE: ${data.id_variable} were not found', '2021-01-22', '13:47:55', NULL, NULL);
	INSERT INTO `ERRORES_LOG_EJECUCION` (`ID_ERROR`, `CODIGO_ERROR`, `URL_ENDPOINT`, `MODULO`, `ENDPOINT`, `METODO_PRIMARIO`, `METODO_SECUNDARIO`, `DETALLES`, `MENSAJE_PANTALLA`, `FECHA_CREACION`, `HORA_CREACION`, `FECHA_ACTUALIZACION`, `HORA_ACTUALIZACION`) VALUES('80cc8724-5ce2-11eb-b8ed-0897988520bf', '04RVNS_01POST_GET02', 'http://host/api/reglasNodoSensor', 'REGLAS_VARIABLES_NODO_SENSOR', 'crearReglaNodoSensor', 'POST', 'GET', 'El nodo sensor que se desea configurar en reglas no existe, seleccionar uno de los nodos sensores ya estan registrados', 'The sensor node with ID_NODO_SENSOR: ${data.id_NODO_SENSOR} was not found', '2021-01-22', '13:49:05', NULL, NULL);
	INSERT INTO `ERRORES_LOG_EJECUCION` (`ID_ERROR`, `CODIGO_ERROR`, `URL_ENDPOINT`, `MODULO`, `ENDPOINT`, `METODO_PRIMARIO`, `METODO_SECUNDARIO`, `DETALLES`, `MENSAJE_PANTALLA`, `FECHA_CREACION`, `HORA_CREACION`, `FECHA_ACTUALIZACION`, `HORA_ACTUALIZACION`) VALUES('a31d4a06-5ce2-11eb-b8ed-0897988520bf', '04RVNS_01POST_GET03', 'http://host/api/reglasNodoSensor', 'REGLAS_VARIABLES_NODO_SENSOR', 'crearReglaNodoSensor', 'POST', 'GET', 'La variable que se desea configurar en reglas con el nodo sensor no existe, seleccionar una de las variables ya estan registradas', 'The variable with NOMBRE_VARIABLE: ${data.nombre_variable} was not found', '2021-01-22', '13:50:03', NULL, NULL);
	INSERT INTO `ERRORES_LOG_EJECUCION` (`ID_ERROR`, `CODIGO_ERROR`, `URL_ENDPOINT`, `MODULO`, `ENDPOINT`, `METODO_PRIMARIO`, `METODO_SECUNDARIO`, `DETALLES`, `MENSAJE_PANTALLA`, `FECHA_CREACION`, `HORA_CREACION`, `FECHA_ACTUALIZACION`, `HORA_ACTUALIZACION`) VALUES('f6f33e4e-5ce2-11eb-b8ed-0897988520bf', '04RVNS_01POST_GET04', 'http://host/api/reglasNodoSensor', 'REGLAS_VARIABLES_NODO_SENSOR', 'crearReglaNodoSensor', 'POST', 'GET', 'La configuracion de regla ya exisite, se debe seleccionar un nodo sesnor o variable diferente que no esten registrado en las reglas', 'The rule configuration with ID_NODO_SENSOR: ${data.id_NODO_SENSOR} and ID_VARIABLE: ${existenciaReglaJson.ID_VARIABLE} and NOMBRE_VARIABLE: ${data.nombre_variable} already exist', '2021-01-22', '13:52:24', NULL, NULL);
	INSERT INTO `ERRORES_LOG_EJECUCION` (`ID_ERROR`, `CODIGO_ERROR`, `URL_ENDPOINT`, `MODULO`, `ENDPOINT`, `METODO_PRIMARIO`, `METODO_SECUNDARIO`, `DETALLES`, `MENSAJE_PANTALLA`, `FECHA_CREACION`, `HORA_CREACION`, `FECHA_ACTUALIZACION`, `HORA_ACTUALIZACION`) VALUES('3dded2d4-5ce3-11eb-b8ed-0897988520bf', '04RVNS_01POST_GET05', 'http://host/api/reglasNodoSensor', 'REGLAS_VARIABLES_NODO_SENSOR', 'crearReglaNodoSensor', 'POST', 'GET', 'La configuración de regla no se puede crear hasta que no se hayan configurado las variables con nodo sensor', 'The variable configuration with ID_NODO_SENSOR: ${data.id_NODO_SENSOR} and NOMBRE_VARIABLE: ${data.nombre_variable} has not been associated in variable configuration, please set up this configuration', '2021-01-22', '13:54:23', NULL, NULL);
	INSERT INTO `ERRORES_LOG_EJECUCION` (`ID_ERROR`, `CODIGO_ERROR`, `URL_ENDPOINT`, `MODULO`, `ENDPOINT`, `METODO_PRIMARIO`, `METODO_SECUNDARIO`, `DETALLES`, `MENSAJE_PANTALLA`, `FECHA_CREACION`, `HORA_CREACION`, `FECHA_ACTUALIZACION`, `HORA_ACTUALIZACION`) VALUES('2e8cbc63-5ce4-11eb-b8ed-0897988520bf', '04RVNS_01POST_PARAMETER00', 'http://host/api/reglasNodoSensor', 'REGLAS_VARIABLES_NODO_SENSOR', 'crearReglaNodoSensor', 'POST', 'PARAMETERS', 'Los parámetros ingresados en la petición no son los correctos; pueden faltar parámetros o pueden estar mal escritos, revisar la documentación del endpoint crearReglaNodoSensor', '${verificarParametro.messageFaltantes} or ${verificarParametro.messageMalEscritos}, please set a all required parameters', '2021-01-22', '14:01:06', NULL, NULL);
	INSERT INTO `ERRORES_LOG_EJECUCION` (`ID_ERROR`, `CODIGO_ERROR`, `URL_ENDPOINT`, `MODULO`, `ENDPOINT`, `METODO_PRIMARIO`, `METODO_SECUNDARIO`, `DETALLES`, `MENSAJE_PANTALLA`, `FECHA_CREACION`, `HORA_CREACION`, `FECHA_ACTUALIZACION`, `HORA_ACTUALIZACION`) VALUES('6e42f7f1-5ce3-11eb-b8ed-0897988520bf', '04RVNS_01POST_POST06', 'http://host/api/reglasNodoSensor', 'REGLAS_VARIABLES_NODO_SENSOR', 'crearReglaNodoSensor', 'POST', 'POST', 'No se puede crear la configuracion de regla que se quiere ingresar, comunicarse con el administrador del microservicio', 'The rule configuration with ID_NODO_SENSOR: ${data.id_NODO_SENSOR} and ID_VARIABLE: ${existenciaReglaJson.ID_VARIABLE} and NOMBRE_VARIABLE: ${data.nombre_variable} could not be created', '2021-01-22', '13:55:44', NULL, NULL);
	INSERT INTO `ERRORES_LOG_EJECUCION` (`ID_ERROR`, `CODIGO_ERROR`, `URL_ENDPOINT`, `MODULO`, `ENDPOINT`, `METODO_PRIMARIO`, `METODO_SECUNDARIO`, `DETALLES`, `MENSAJE_PANTALLA`, `FECHA_CREACION`, `HORA_CREACION`, `FECHA_ACTUALIZACION`, `HORA_ACTUALIZACION`) VALUES('9f6c72b0-5ce4-11eb-b8ed-0897988520bf', '04RVNS_02GET_GET02', 'http://host/api/reglasNodoSensor', 'REGLAS_VARIABLES_NODO_SENSOR', 'consultarReglasNodoSensorDinamico', 'GET', 'GET', 'Con los parametros y condicione establecidas no existen datos para consultar reglas creada, establecer otras condiciones segun los datos disponibles en reglas', 'There is/are no record(s) for rule configuration with the parameter(s) set', '2021-01-22', '14:04:16', NULL, NULL);
	INSERT INTO `ERRORES_LOG_EJECUCION` (`ID_ERROR`, `CODIGO_ERROR`, `URL_ENDPOINT`, `MODULO`, `ENDPOINT`, `METODO_PRIMARIO`, `METODO_SECUNDARIO`, `DETALLES`, `MENSAJE_PANTALLA`, `FECHA_CREACION`, `HORA_CREACION`, `FECHA_ACTUALIZACION`, `HORA_ACTUALIZACION`) VALUES('633543f0-5ce4-11eb-b8ed-0897988520bf', '04RVNS_02GET_GETPARAMETER01', 'http://host/api/reglasNodoSensor', 'REGLAS_VARIABLES_NODO_SENSOR', 'consultarReglasNodoSensorDinamico', 'GET', 'GETPARAM', 'Los parametros del JSON condicion pueden estar mal escritos o pueden faltar parametros, revisar la documentación del endpoint consultarReglasNodoSensorDinamico', '${verificarParametrosCondiciones.messageFaltantes} or ${verificarParametrosCondiciones.messageMalEscritos} in the condition: ${whereKeys[i].toUpperCase()}, please set a all required parameters', '2021-01-22', '14:02:35', NULL, NULL);
	INSERT INTO `ERRORES_LOG_EJECUCION` (`ID_ERROR`, `CODIGO_ERROR`, `URL_ENDPOINT`, `MODULO`, `ENDPOINT`, `METODO_PRIMARIO`, `METODO_SECUNDARIO`, `DETALLES`, `MENSAJE_PANTALLA`, `FECHA_CREACION`, `HORA_CREACION`, `FECHA_ACTUALIZACION`, `HORA_ACTUALIZACION`) VALUES('24aa48f5-5ce5-11eb-b8ed-0897988520bf', '04RVNS_02GET_PARAMETER00', 'http://host/api/reglasNodoSensor', 'REGLAS_VARIABLES_NODO_SENSOR', 'consultarReglasNodoSensorDinamico', 'GET', 'PARAMETERS', 'Los parámetros ingresados en la petición no son los correctos; pueden faltar parámetros o pueden estar mal escritos, revisar la documentación del endpoint consultarReglasNodoSensorDinamico', '${verificarParametro.messageFaltantes} or ${verificarParametro.messageMalEscritos}, please set a all required parameters', '2021-01-22', '14:07:59', NULL, NULL);
	INSERT INTO `ERRORES_LOG_EJECUCION` (`ID_ERROR`, `CODIGO_ERROR`, `URL_ENDPOINT`, `MODULO`, `ENDPOINT`, `METODO_PRIMARIO`, `METODO_SECUNDARIO`, `DETALLES`, `MENSAJE_PANTALLA`, `FECHA_CREACION`, `HORA_CREACION`, `FECHA_ACTUALIZACION`, `HORA_ACTUALIZACION`) VALUES('a7b74caf-5ce5-11eb-b8ed-0897988520bf', '04RVNS_03PUT_GET01', 'http://host/api/reglasNodoSensor', 'REGLAS_VARIABLES_NODO_SENSOR', 'actualizarReglaNodoSensorById', 'PUT', 'GET', 'El registro con ID_REGLA no es encontrado, por lo tanto, no se puede actualizar, se debe seleccionar un ID_REGLA disponible en los datos', 'The register with ID_REGLA: ${data.id_regla} was not found', '2021-01-22', '14:11:39', NULL, NULL);
	INSERT INTO `ERRORES_LOG_EJECUCION` (`ID_ERROR`, `CODIGO_ERROR`, `URL_ENDPOINT`, `MODULO`, `ENDPOINT`, `METODO_PRIMARIO`, `METODO_SECUNDARIO`, `DETALLES`, `MENSAJE_PANTALLA`, `FECHA_CREACION`, `HORA_CREACION`, `FECHA_ACTUALIZACION`, `HORA_ACTUALIZACION`) VALUES('d679905a-5ce5-11eb-b8ed-0897988520bf', '04RVNS_03PUT_GET02', 'http://host/api/reglasNodoSensor', 'REGLAS_VARIABLES_NODO_SENSOR', 'actualizarReglaNodoSensorById', 'PUT', 'GET', 'El nodo sensor que se desea configurar en reglas no existe, seleccionar uno de los nodos sensores ya estan registrados', 'The sensor node with ID_NODO_SENSOR: ${data.id_NODO_SENSOR} and variable with ID_VARIABLE: ${data.nombre_variable} were not found', '2021-01-22', '14:12:58', NULL, NULL);
	INSERT INTO `ERRORES_LOG_EJECUCION` (`ID_ERROR`, `CODIGO_ERROR`, `URL_ENDPOINT`, `MODULO`, `ENDPOINT`, `METODO_PRIMARIO`, `METODO_SECUNDARIO`, `DETALLES`, `MENSAJE_PANTALLA`, `FECHA_CREACION`, `HORA_CREACION`, `FECHA_ACTUALIZACION`, `HORA_ACTUALIZACION`) VALUES('f0aba4ce-5ce5-11eb-b8ed-0897988520bf', '04RVNS_03PUT_GET03', 'http://host/api/reglasNodoSensor', 'REGLAS_VARIABLES_NODO_SENSOR', 'actualizarReglaNodoSensorById', 'PUT', 'GET', 'El nodo sensor que se desea configurar en reglas no existe, seleccionar uno de los nodos sensores ya estan registrados', 'The sensor node with ID_NODO_SENSOR: ${data.id_NODO_SENSOR} was not found', '2021-01-22', '14:13:41', NULL, NULL);
	INSERT INTO `ERRORES_LOG_EJECUCION` (`ID_ERROR`, `CODIGO_ERROR`, `URL_ENDPOINT`, `MODULO`, `ENDPOINT`, `METODO_PRIMARIO`, `METODO_SECUNDARIO`, `DETALLES`, `MENSAJE_PANTALLA`, `FECHA_CREACION`, `HORA_CREACION`, `FECHA_ACTUALIZACION`, `HORA_ACTUALIZACION`) VALUES('0c352cb1-5ce6-11eb-b8ed-0897988520bf', '04RVNS_03PUT_GET04', 'http://host/api/reglasNodoSensor', 'REGLAS_VARIABLES_NODO_SENSOR', 'actualizarReglaNodoSensorById', 'PUT', 'GET', 'La variable que se desea configurar en reglas con el nodo sensor no existe, seleccionar una de las variables ya estan registradas', 'The variable with NOMBRE_VARIABLE: ${data.nombre_variable} was not found', '2021-01-22', '14:14:28', NULL, NULL);
	INSERT INTO `ERRORES_LOG_EJECUCION` (`ID_ERROR`, `CODIGO_ERROR`, `URL_ENDPOINT`, `MODULO`, `ENDPOINT`, `METODO_PRIMARIO`, `METODO_SECUNDARIO`, `DETALLES`, `MENSAJE_PANTALLA`, `FECHA_CREACION`, `HORA_CREACION`, `FECHA_ACTUALIZACION`, `HORA_ACTUALIZACION`) VALUES('81ba5bba-5ce6-11eb-b8ed-0897988520bf', '04RVNS_03PUT_GET05', 'http://host/api/reglasNodoSensor', 'REGLAS_VARIABLES_NODO_SENSOR', 'actualizarReglaNodoSensorById', 'PUT', 'GET', 'Si la regla que se quiere actualizar uan regla y si existe alguna simimilar (NOMBRE_VARIABLE Y ID_NODO_SENSOR) no se puede actualizar el registro, se debe seleccionar un NOMBRE_VARIABLE o ID_NODO_SENSOR diferente de acuerdo a los registros existentes de cada uno', 'The rule configuration with ID_NODO_SENSOR: ${data.id_NODO_SENSOR} and ID_VARIABLE: ${existenciaReglaJson.ID_VARIABLE} and NOMBRE_VARIABLE: ${data.nombre_variable} already exist in the rule configuration with ID_REGLA: ${existenciaReglaJson.ID_REGLA}', '2021-01-22', '14:17:45', NULL, NULL);
	INSERT INTO `ERRORES_LOG_EJECUCION` (`ID_ERROR`, `CODIGO_ERROR`, `URL_ENDPOINT`, `MODULO`, `ENDPOINT`, `METODO_PRIMARIO`, `METODO_SECUNDARIO`, `DETALLES`, `MENSAJE_PANTALLA`, `FECHA_CREACION`, `HORA_CREACION`, `FECHA_ACTUALIZACION`, `HORA_ACTUALIZACION`) VALUES('aba2ed28-5ce6-11eb-b8ed-0897988520bf', '04RVNS_03PUT_GET06', 'http://host/api/reglasNodoSensor', 'REGLAS_VARIABLES_NODO_SENSOR', 'actualizarReglaNodoSensorById', 'PUT', 'GET', 'La configuración de regla no se puede crear hasta que no se hayan configurado las variables con nodo sensor', 'The variable configuration with ID_NODO_SENSOR: ${data.id_NODO_SENSOR} and NOMBRE_VARIABLE: ${data.nombre_variable} has not been associated in variable configuration, please set up this configuration', '2021-01-22', '14:18:55', NULL, NULL);
	INSERT INTO `ERRORES_LOG_EJECUCION` (`ID_ERROR`, `CODIGO_ERROR`, `URL_ENDPOINT`, `MODULO`, `ENDPOINT`, `METODO_PRIMARIO`, `METODO_SECUNDARIO`, `DETALLES`, `MENSAJE_PANTALLA`, `FECHA_CREACION`, `HORA_CREACION`, `FECHA_ACTUALIZACION`, `HORA_ACTUALIZACION`) VALUES('731ff410-5ce5-11eb-b8ed-0897988520bf', '04RVNS_03PUT_PARAMETER00', 'http://host/api/reglasNodoSensor', 'REGLAS_VARIABLES_NODO_SENSOR', 'actualizarReglaNodoSensorById', 'PUT', 'PARAMETERS', 'Los parámetros ingresados en la petición no son los correctos; pueden faltar parámetros o pueden estar mal escritos, revisar la documentación del endpoint actualizarReglaNodoSensorById', '${verificarParametro.messageFaltantes} or ${verificarParametro.messageMalEscritos}, please set a all required parameters', '2021-01-22', '14:10:11', NULL, NULL);
	INSERT INTO `ERRORES_LOG_EJECUCION` (`ID_ERROR`, `CODIGO_ERROR`, `URL_ENDPOINT`, `MODULO`, `ENDPOINT`, `METODO_PRIMARIO`, `METODO_SECUNDARIO`, `DETALLES`, `MENSAJE_PANTALLA`, `FECHA_CREACION`, `HORA_CREACION`, `FECHA_ACTUALIZACION`, `HORA_ACTUALIZACION`) VALUES('cf9b54bb-5ce6-11eb-b8ed-0897988520bf', '04RVNS_03PUT_PUT07', 'http://host/api/reglasNodoSensor', 'REGLAS_VARIABLES_NODO_SENSOR', 'actualizarReglaNodoSensorById', 'PUT', 'PUT', 'El registro deseado no se puede actualizar, comunicarse con el administrador del microservicio', 'The register with ID_REGLA: ${data.id_regla} could not be updated', '2021-01-22', '14:19:56', NULL, NULL);
	INSERT INTO `ERRORES_LOG_EJECUCION` (`ID_ERROR`, `CODIGO_ERROR`, `URL_ENDPOINT`, `MODULO`, `ENDPOINT`, `METODO_PRIMARIO`, `METODO_SECUNDARIO`, `DETALLES`, `MENSAJE_PANTALLA`, `FECHA_CREACION`, `HORA_CREACION`, `FECHA_ACTUALIZACION`, `HORA_ACTUALIZACION`) VALUES('3dd9a227-5cea-11eb-b8ed-0897988520bf', '04RVNS_04DELETE_DELETE02', 'http://host/api/reglasNodoSensor', 'REGLAS_VARIABLES_NODO_SENSOR', 'eliminarReglaNodoSensorById', 'DELETE', 'DELETE', 'El registro deseado no se puede eliminar, comunicarse con el administrador del microservicio', 'The register with ID_REGLA: ${data.id_regla} could not be deleted', '2021-01-22', '14:44:29', NULL, NULL);
	INSERT INTO `ERRORES_LOG_EJECUCION` (`ID_ERROR`, `CODIGO_ERROR`, `URL_ENDPOINT`, `MODULO`, `ENDPOINT`, `METODO_PRIMARIO`, `METODO_SECUNDARIO`, `DETALLES`, `MENSAJE_PANTALLA`, `FECHA_CREACION`, `HORA_CREACION`, `FECHA_ACTUALIZACION`, `HORA_ACTUALIZACION`) VALUES('f9e988e1-5ce9-11eb-b8ed-0897988520bf', '04RVNS_04DELETE_GET01', 'http://host/api/reglasNodoSensor', 'REGLAS_VARIABLES_NODO_SENSOR', 'eliminarReglaNodoSensorById', 'DELETE', 'GET', 'El registro deseado para eliminar no es encotrado, seleccionar un ID_REGLA disponible en los datos', 'The register with ID_REGLA: ${data.id_regla} was not found', '2021-01-22', '14:42:35', NULL, NULL);
	INSERT INTO `ERRORES_LOG_EJECUCION` (`ID_ERROR`, `CODIGO_ERROR`, `URL_ENDPOINT`, `MODULO`, `ENDPOINT`, `METODO_PRIMARIO`, `METODO_SECUNDARIO`, `DETALLES`, `MENSAJE_PANTALLA`, `FECHA_CREACION`, `HORA_CREACION`, `FECHA_ACTUALIZACION`, `HORA_ACTUALIZACION`) VALUES('86271de3-5cea-11eb-b8ed-0897988520bf', '04RVNS_04DELETE_PARAMETER00', 'http://host/api/reglasNodoSensor', 'REGLAS_VARIABLES_NODO_SENSOR', 'eliminarReglaNodoSensorById', 'DELETE', 'PARAMETERS', 'Los parámetros ingresados en la petición no son los correctos; pueden faltar parámetros o pueden estar mal escritos, revisar la documentación del endpoint eliminarReglaNodoSensorById', '${verificarParametro.messageFaltantes} or ${verificarParametro.messageMalEscritos}, please set a all required parameters', '2021-01-22', '14:46:30', NULL, NULL);
	INSERT INTO `ERRORES_LOG_EJECUCION` (`ID_ERROR`, `CODIGO_ERROR`, `URL_ENDPOINT`, `MODULO`, `ENDPOINT`, `METODO_PRIMARIO`, `METODO_SECUNDARIO`, `DETALLES`, `MENSAJE_PANTALLA`, `FECHA_CREACION`, `HORA_CREACION`, `FECHA_ACTUALIZACION`, `HORA_ACTUALIZACION`) VALUES('f7df5ebc-5ceb-11eb-b8ed-0897988520bf', '05DNS_01POST_GET01', 'http://host/api/datosNodoSensor', 'DATOS_NODO_SENSOR', 'crearDatoNodoSensor', 'POST', 'GET', 'Si el nodo sensor no existe no se puede regristrar datos con el ID_NODO_SENSOR y TOKEN establecidos, se debe registrar el nodo sensor', 'The sensor node with ID_NODO_SENSOR: ${data.id_NODO_SENSOR} was not found', '2021-01-22', '14:56:51', NULL, NULL);
	INSERT INTO `ERRORES_LOG_EJECUCION` (`ID_ERROR`, `CODIGO_ERROR`, `URL_ENDPOINT`, `MODULO`, `ENDPOINT`, `METODO_PRIMARIO`, `METODO_SECUNDARIO`, `DETALLES`, `MENSAJE_PANTALLA`, `FECHA_CREACION`, `HORA_CREACION`, `FECHA_ACTUALIZACION`, `HORA_ACTUALIZACION`) VALUES('33edaf3e-5cec-11eb-b8ed-0897988520bf', '05DNS_01POST_GET02', 'http://host/api/datosNodoSensor', 'DATOS_NODO_SENSOR', 'crearDatoNodoSensor', 'POST', 'GET', 'El token del nodo sensor que desea insertar el dato no cumple con el token del registro original, se debe consultar el nodo sensor con el ID_NODO_SENSOR requeido y comprobar el token generado', 'The token of the sensor node with ID_NODO_SENSOR: ${data.id_NODO_SENSOR} is not the same', '2021-01-22', '14:58:31', NULL, NULL);
	INSERT INTO `ERRORES_LOG_EJECUCION` (`ID_ERROR`, `CODIGO_ERROR`, `URL_ENDPOINT`, `MODULO`, `ENDPOINT`, `METODO_PRIMARIO`, `METODO_SECUNDARIO`, `DETALLES`, `MENSAJE_PANTALLA`, `FECHA_CREACION`, `HORA_CREACION`, `FECHA_ACTUALIZACION`, `HORA_ACTUALIZACION`) VALUES('59666eeb-5cec-11eb-b8ed-0897988520bf', '05DNS_01POST_GET03', 'http://host/api/datosNodoSensor', 'DATOS_NODO_SENSOR', 'crearDatoNodoSensor', 'POST', 'GET', 'El token del nodo sensor que desea insertar el dato no esta activo, se debe actualizar el nodo sensor y cambiar el estado a true.', 'The sensor node with ID_NODO_SENSOR: ${data.id_NODO_SENSOR} is disabled', '2021-01-22', '14:59:34', NULL, NULL);
	INSERT INTO `ERRORES_LOG_EJECUCION` (`ID_ERROR`, `CODIGO_ERROR`, `URL_ENDPOINT`, `MODULO`, `ENDPOINT`, `METODO_PRIMARIO`, `METODO_SECUNDARIO`, `DETALLES`, `MENSAJE_PANTALLA`, `FECHA_CREACION`, `HORA_CREACION`, `FECHA_ACTUALIZACION`, `HORA_ACTUALIZACION`) VALUES('9785e4f9-5cec-11eb-b8ed-0897988520bf', '05DNS_01POST_GET04', 'http://host/api/datosNodoSensor', 'DATOS_NODO_SENSOR', 'crearDatoNodoSensor', 'POST', 'GET', 'El nodo sensor no esta configurado para publicar en dichas variables, se debe configurar el nodo sensor con la varibles necesarias y que ya esten registradas.', 'The variable(s): ${variablesErrorArray.toString().replace(\',\', \', \')} is/are not allowed to POST for the sensor nodo with ID_NODO_SENSOR: ${data.id_NODO_SENSOR}', '2021-01-22', '15:01:18', NULL, NULL);
	INSERT INTO `ERRORES_LOG_EJECUCION` (`ID_ERROR`, `CODIGO_ERROR`, `URL_ENDPOINT`, `MODULO`, `ENDPOINT`, `METODO_PRIMARIO`, `METODO_SECUNDARIO`, `DETALLES`, `MENSAJE_PANTALLA`, `FECHA_CREACION`, `HORA_CREACION`, `FECHA_ACTUALIZACION`, `HORA_ACTUALIZACION`) VALUES('b8ddef6b-5ceb-11eb-b8ed-0897988520bf', '05DNS_01POST_PARAMETER00', 'http://host/api/datosNodoSensor', 'DATOS_NODO_SENSOR', 'crearDatoNodoSensor', 'POST', 'PARAMETERS', 'Los parámetros ingresados en la petición no son los correctos; pueden faltar parámetros o pueden estar mal escritos, revisar la documentación del endpoint eliminarReglaNodoSensorById', '${verificarParametro.messageFaltantes} or ${verificarParametro.messageMalEscritos}, please set a all required parameters', '2021-01-22', '14:55:05', NULL, NULL);
	INSERT INTO `ERRORES_LOG_EJECUCION` (`ID_ERROR`, `CODIGO_ERROR`, `URL_ENDPOINT`, `MODULO`, `ENDPOINT`, `METODO_PRIMARIO`, `METODO_SECUNDARIO`, `DETALLES`, `MENSAJE_PANTALLA`, `FECHA_CREACION`, `HORA_CREACION`, `FECHA_ACTUALIZACION`, `HORA_ACTUALIZACION`) VALUES('11139440-5ced-11eb-b8ed-0897988520bf', '05DNS_01POST_POST05', 'http://host/api/datosNodoSensor', 'DATOS_NODO_SENSOR', 'crearDatoNodoSensor', 'POST', 'POST', 'No se puede insertar el dato, comunicarse con el administrador del microservicio', 'The data: {${nombreVariable}: ${valorDato}} could not be created for the sensor node with ID_NODO_SENSOR: ${idNodoSensor}', '2021-01-22', '15:04:42', NULL, NULL);
	INSERT INTO `ERRORES_LOG_EJECUCION` (`ID_ERROR`, `CODIGO_ERROR`, `URL_ENDPOINT`, `MODULO`, `ENDPOINT`, `METODO_PRIMARIO`, `METODO_SECUNDARIO`, `DETALLES`, `MENSAJE_PANTALLA`, `FECHA_CREACION`, `HORA_CREACION`, `FECHA_ACTUALIZACION`, `HORA_ACTUALIZACION`) VALUES('e2f34712-5ced-11eb-b8ed-0897988520bf', '05DNS_02GET_GET02', 'http://host/api/datosNodoSensor', 'DATOS_NODO_SENSOR', 'consutarDatosNodoSensorDinamico', 'GET', 'GET', 'No hay registros con los parametros establecidos, se debe establecer parameters de acuerdo a los datos disponibles', 'There is/are no record(s) for data sensor node with the parameter(s) set', '2021-01-22', '15:10:34', NULL, NULL);
	INSERT INTO `ERRORES_LOG_EJECUCION` (`ID_ERROR`, `CODIGO_ERROR`, `URL_ENDPOINT`, `MODULO`, `ENDPOINT`, `METODO_PRIMARIO`, `METODO_SECUNDARIO`, `DETALLES`, `MENSAJE_PANTALLA`, `FECHA_CREACION`, `HORA_CREACION`, `FECHA_ACTUALIZACION`, `HORA_ACTUALIZACION`) VALUES('b40dc392-5ced-11eb-b8ed-0897988520bf', '05DNS_02GET_GETPARAMETER01', 'http://host/api/datosNodoSensor', 'DATOS_NODO_SENSOR', 'consutarDatosNodoSensorDinamico', 'GET', 'GETPARAM', 'Los parametros del JSON condicion pueden estar mal escritos o pueden faltar parametros, revisar la documentación del endpoint consutarDatosNodoSensorDinamico', '${verificarParametrosCondiciones.messageFaltantes} or ${verificarParametrosCondiciones.messageMalEscritos} in the condition: ${whereKeys[i].toUpperCase()}, please set a all required parameters', '2021-01-22', '15:09:16', NULL, NULL);
	INSERT INTO `ERRORES_LOG_EJECUCION` (`ID_ERROR`, `CODIGO_ERROR`, `URL_ENDPOINT`, `MODULO`, `ENDPOINT`, `METODO_PRIMARIO`, `METODO_SECUNDARIO`, `DETALLES`, `MENSAJE_PANTALLA`, `FECHA_CREACION`, `HORA_CREACION`, `FECHA_ACTUALIZACION`, `HORA_ACTUALIZACION`) VALUES('c2974809-5ceb-11eb-b8ed-0897988520bf', '05DNS_02GET_PARAMETER00', 'http://host/api/datosNodoSensor', 'DATOS_NODO_SENSOR', 'consutarDatosNodoSensorDinamico', 'GET', 'PARAMETERS', 'Los parámetros ingresados en la petición no son los correctos; pueden faltar parámetros o pueden estar mal escritos, revisar la documentación del endpoint eliminarReglaNodoSensorById', '${verificarParametro.messageFaltantes} or ${verificarParametro.messageMalEscritos}, please set a all required parameters', '2021-01-22', '14:55:21', NULL, NULL);
	INSERT INTO `ERRORES_LOG_EJECUCION` (`ID_ERROR`, `CODIGO_ERROR`, `URL_ENDPOINT`, `MODULO`, `ENDPOINT`, `METODO_PRIMARIO`, `METODO_SECUNDARIO`, `DETALLES`, `MENSAJE_PANTALLA`, `FECHA_CREACION`, `HORA_CREACION`, `FECHA_ACTUALIZACION`, `HORA_ACTUALIZACION`) VALUES('a5ac502e-5cf7-11eb-b8ed-0897988520bf', '06ELE_01POST_GET01', 'http://host/api/erroresLogEjecucion', 'ERRORES_LOG_EJECUCION', 'crearErroresLogEjecucion', 'POST', 'GET', 'Existe un tipo error similar con las características dadas', 'The error type register with CODIGO_ERROR: ${data.codigo_error} and URL_ENDPOINT: ${data.URL_ENDPOINT} and MODULO: ${data.modulo} and ENDPOINT ${data.endpoint} and METODO: ${data.metodo} already exist', '2021-01-22', '16:20:27', NULL, NULL);
	INSERT INTO `ERRORES_LOG_EJECUCION` (`ID_ERROR`, `CODIGO_ERROR`, `URL_ENDPOINT`, `MODULO`, `ENDPOINT`, `METODO_PRIMARIO`, `METODO_SECUNDARIO`, `DETALLES`, `MENSAJE_PANTALLA`, `FECHA_CREACION`, `HORA_CREACION`, `FECHA_ACTUALIZACION`, `HORA_ACTUALIZACION`) VALUES('229cbf1d-5cf8-11eb-b8ed-0897988520bf', '06ELE_01POST_PARAMETER00', 'http://host/api/erroresLogEjecucion', 'ERRORES_LOG_EJECUCION', 'crearErroresLogEjecucion', 'POST', 'PARAMETERS', 'Los parámetros ingresados en la petición no son los correctos; pueden faltar parámetros o pueden estar mal escritos, revisar la documentación del endpoint crearErroresLogEjecucion', '${verificarParametro.messageFaltantes} or ${verificarParametro.messageMalEscritos}, please set a all required parameters', '2021-01-22', '16:23:56', NULL, NULL);
	INSERT INTO `ERRORES_LOG_EJECUCION` (`ID_ERROR`, `CODIGO_ERROR`, `URL_ENDPOINT`, `MODULO`, `ENDPOINT`, `METODO_PRIMARIO`, `METODO_SECUNDARIO`, `DETALLES`, `MENSAJE_PANTALLA`, `FECHA_CREACION`, `HORA_CREACION`, `FECHA_ACTUALIZACION`, `HORA_ACTUALIZACION`) VALUES('fe8267df-5cf7-11eb-b8ed-0897988520bf', '06ELE_01POST_POST02', 'http://host/api/erroresLogEjecucion', 'ERRORES_LOG_EJECUCION', 'crearErroresLogEjecucion', 'POST', 'POST', 'No se puede crear el tipo de error, comunicarse con el administrador del microservicio', 'The error type with CODIGO_ERROR: ${data.codigo_error} could not be created', '2021-01-22', '16:22:56', NULL, NULL);
	INSERT INTO `ERRORES_LOG_EJECUCION` (`ID_ERROR`, `CODIGO_ERROR`, `URL_ENDPOINT`, `MODULO`, `ENDPOINT`, `METODO_PRIMARIO`, `METODO_SECUNDARIO`, `DETALLES`, `MENSAJE_PANTALLA`, `FECHA_CREACION`, `HORA_CREACION`, `FECHA_ACTUALIZACION`, `HORA_ACTUALIZACION`) VALUES('5d73f919-5cf9-11eb-b8ed-0897988520bf', '06ELE_02GET_GET02', 'http://host/api/erroresLogEjecucion', 'ERRORES_LOG_EJECUCION', 'consultarErroresLogEjecucion', 'GET', 'GET', 'Con los parámetros establecidos no hay datos para tipo de errores, se debe establecer otros parámetros segun los datos disponibles', 'There is/are no record(s) for log execution log with the parameter(s) set', '2021-01-22', '16:32:44', NULL, NULL);
	INSERT INTO `ERRORES_LOG_EJECUCION` (`ID_ERROR`, `CODIGO_ERROR`, `URL_ENDPOINT`, `MODULO`, `ENDPOINT`, `METODO_PRIMARIO`, `METODO_SECUNDARIO`, `DETALLES`, `MENSAJE_PANTALLA`, `FECHA_CREACION`, `HORA_CREACION`, `FECHA_ACTUALIZACION`, `HORA_ACTUALIZACION`) VALUES('2a3667b7-5cf9-11eb-b8ed-0897988520bf', '06ELE_02GET_GETPARAMETER01', 'http://host/api/erroresLogEjecucion', 'ERRORES_LOG_EJECUCION', 'consultarErroresLogEjecucion', 'GET', 'GETPARAM', 'Los parametros del JSON condicion pueden estar mal escritos o pueden faltar parametros, revisar la documentación del endpoint consultarErroresLogEjecucion', '${verificarParametrosCondiciones.messageFaltantes} or ${verificarParametrosCondiciones.messageMalEscritos} in the condition: ${whereKeys[i].toUpperCase()}, please set a all required parameters', '2021-01-22', '16:31:18', NULL, NULL);
	INSERT INTO `ERRORES_LOG_EJECUCION` (`ID_ERROR`, `CODIGO_ERROR`, `URL_ENDPOINT`, `MODULO`, `ENDPOINT`, `METODO_PRIMARIO`, `METODO_SECUNDARIO`, `DETALLES`, `MENSAJE_PANTALLA`, `FECHA_CREACION`, `HORA_CREACION`, `FECHA_ACTUALIZACION`, `HORA_ACTUALIZACION`) VALUES('3e1c5a57-5cf8-11eb-b8ed-0897988520bf', '06ELE_02GET_PARAMETER00', 'http://host/api/erroresLogEjecucion', 'ERRORES_LOG_EJECUCION', 'consultarErroresLogEjecucion', 'GET', 'PARAMETERS', 'Los parámetros ingresados en la petición no son los correctos; pueden faltar parámetros o pueden estar mal escritos, revisar la documentación del endpoint consultarErroresLogEjecucion', '${verificarParametro.messageFaltantes} or ${verificarParametro.messageMalEscritos}, please set a all required parameters', '2021-01-22', '16:24:42', NULL, NULL);
	INSERT INTO `ERRORES_LOG_EJECUCION` (`ID_ERROR`, `CODIGO_ERROR`, `URL_ENDPOINT`, `MODULO`, `ENDPOINT`, `METODO_PRIMARIO`, `METODO_SECUNDARIO`, `DETALLES`, `MENSAJE_PANTALLA`, `FECHA_CREACION`, `HORA_CREACION`, `FECHA_ACTUALIZACION`, `HORA_ACTUALIZACION`) VALUES('9cc655e6-5cfc-11eb-b8ed-0897988520bf', '06ELE_03PUT_GET01', 'http://host/api/erroresLogEjecucion', 'ERRORES_LOG_EJECUCION', 'actualizarErrorLogEjecucionById', 'PUT', 'GET', 'No se puede encontrar el registro con ID_ERROR para ser actualizado, debe establecer un ID_ERROR según los datos disponibles', 'The register with ID_ERROR: ${data.id_regla} was not found', '2021-01-22', '16:55:59', NULL, NULL);
	INSERT INTO `ERRORES_LOG_EJECUCION` (`ID_ERROR`, `CODIGO_ERROR`, `URL_ENDPOINT`, `MODULO`, `ENDPOINT`, `METODO_PRIMARIO`, `METODO_SECUNDARIO`, `DETALLES`, `MENSAJE_PANTALLA`, `FECHA_CREACION`, `HORA_CREACION`, `FECHA_ACTUALIZACION`, `HORA_ACTUALIZACION`) VALUES('d24bebae-5cfc-11eb-b8ed-0897988520bf', '06ELE_03PUT_GET02', 'http://host/api/erroresLogEjecucion', 'ERRORES_LOG_EJECUCION', 'actualizarErrorLogEjecucionById', 'PUT', 'GET', 'No se puede actaulizar por que hay un tipo error similar ya registrado, debe cambiar la configuración del error', 'The error type with ID_ERROR: ${data.id_error} AND CODIGO_ERROR: ${data.codigo_error} already exist in the error typer with ID_ERROR: ${existenciaReglaJson.existenciaErrorJson}', '2021-01-22', '16:57:29', NULL, NULL);
	INSERT INTO `ERRORES_LOG_EJECUCION` (`ID_ERROR`, `CODIGO_ERROR`, `URL_ENDPOINT`, `MODULO`, `ENDPOINT`, `METODO_PRIMARIO`, `METODO_SECUNDARIO`, `DETALLES`, `MENSAJE_PANTALLA`, `FECHA_CREACION`, `HORA_CREACION`, `FECHA_ACTUALIZACION`, `HORA_ACTUALIZACION`) VALUES('c6f298cc-5cfd-11eb-b8ed-0897988520bf', '06ELE_03put_PARAMETER00', 'http://host/api/erroresLogEjecucion', 'ERRORES_LOG_EJECUCION', 'actualizarErrorLogEjecucionById', 'PUT', 'PARAMETERS', 'Los parámetros ingresados en la petición no son los correctos; pueden faltar parámetros o pueden estar mal escritos, revisar la documentación del endpoint actualizarErrorLogEjecucionById', '${verificarParametro.messageFaltantes} or ${verificarParametro.messageMalEscritos}, please set a all required parameters', '2021-01-22', '17:04:19', '2021-01-22', '17:22:00');
	INSERT INTO `ERRORES_LOG_EJECUCION` (`ID_ERROR`, `CODIGO_ERROR`, `URL_ENDPOINT`, `MODULO`, `ENDPOINT`, `METODO_PRIMARIO`, `METODO_SECUNDARIO`, `DETALLES`, `MENSAJE_PANTALLA`, `FECHA_CREACION`, `HORA_CREACION`, `FECHA_ACTUALIZACION`, `HORA_ACTUALIZACION`) VALUES('f6aecfb3-5cfc-11eb-b8ed-0897988520bf', '06ELE_03PUT_PUT03', 'http://host/api/erroresLogEjecucion', 'ERRORES_LOG_EJECUCION', 'actualizarErrorLogEjecucionById', 'PUT', 'OUT', 'No se puede actaulizar el tipo de error, comunicarse con el administrador del microservicio', 'The register with ID_ERROR: ${data.id_error} could not be updated', '2021-01-22', '16:58:30', NULL, NULL);
	INSERT INTO `ERRORES_LOG_EJECUCION` (`ID_ERROR`, `CODIGO_ERROR`, `URL_ENDPOINT`, `MODULO`, `ENDPOINT`, `METODO_PRIMARIO`, `METODO_SECUNDARIO`, `DETALLES`, `MENSAJE_PANTALLA`, `FECHA_CREACION`, `HORA_CREACION`, `FECHA_ACTUALIZACION`, `HORA_ACTUALIZACION`) VALUES('e2710f67-5d09-11eb-b8ed-0897988520bf', '06ELE_04DELETE_DELETE02', 'http://host/api/erroresLogEjecucion', 'ERRORES_LOG_EJECUCION', 'eliminarErrorLogEejecucionById', 'DELETE', 'DELETE', 'No se puede eliminar el registro con ID_ERROR establecido, comunicarse con el administrador del microservicio', 'The register with ID_ERROR: ${data.id_regla} could not be deleted', '2021-01-22', '18:31:00', NULL, NULL);
	INSERT INTO `ERRORES_LOG_EJECUCION` (`ID_ERROR`, `CODIGO_ERROR`, `URL_ENDPOINT`, `MODULO`, `ENDPOINT`, `METODO_PRIMARIO`, `METODO_SECUNDARIO`, `DETALLES`, `MENSAJE_PANTALLA`, `FECHA_CREACION`, `HORA_CREACION`, `FECHA_ACTUALIZACION`, `HORA_ACTUALIZACION`) VALUES('9dc59f4b-5d09-11eb-b8ed-0897988520bf', '06ELE_04DELETE_GET01', 'http://host/api/erroresLogEjecucion', 'ERRORES_LOG_EJECUCION', 'eliminarErrorLogEejecucionById', 'DELETE', 'GET', 'No se puede encontrar el registro con ID_ERROR para ser eliminado, establecer un ID_ERROR de acuerdo a los datos disponibles', 'The register with ID_ERROR: ${data.id_error} was not found', '2021-01-22', '18:29:04', NULL, NULL);
	INSERT INTO `ERRORES_LOG_EJECUCION` (`ID_ERROR`, `CODIGO_ERROR`, `URL_ENDPOINT`, `MODULO`, `ENDPOINT`, `METODO_PRIMARIO`, `METODO_SECUNDARIO`, `DETALLES`, `MENSAJE_PANTALLA`, `FECHA_CREACION`, `HORA_CREACION`, `FECHA_ACTUALIZACION`, `HORA_ACTUALIZACION`) VALUES('460b0cf3-5d0a-11eb-b8ed-0897988520bf', '06ELE_04DELETE_PARAMETER00', 'http://host/api/erroresLogEjecucion', 'ERRORES_LOG_EJECUCION', 'eliminarErrorLogEejecucionById', 'DELETE', 'PARAMETERS', 'Los parámetros ingresados en la petición no son los correctos; pueden faltar parámetros o pueden estar mal escritos, revisar la documentación del endpoint consultarErroresLogEjecucion', '${verificarParametro.messageFaltantes} or ${verificarParametro.messageMalEscritos}, please set a all required parameters', '2021-01-22', '18:33:47', NULL, NULL);
	INSERT INTO `ERRORES_LOG_EJECUCION` (`ID_ERROR`, `CODIGO_ERROR`, `URL_ENDPOINT`, `MODULO`, `ENDPOINT`, `METODO_PRIMARIO`, `METODO_SECUNDARIO`, `DETALLES`, `MENSAJE_PANTALLA`, `FECHA_CREACION`, `HORA_CREACION`, `FECHA_ACTUALIZACION`, `HORA_ACTUALIZACION`) VALUES('6684f077-5d0c-11eb-b8ed-0897988520bf', '07RLE_02GET_GET02', 'http://host/api/reporteErroresLogEjecucion', 'REPORTE_ERRORES_LOG_EJECUCION', 'consultarReporteLogEjecucionDinamico', 'GET', 'GET', 'No se puede encontrar datos con los parámetros establecidos, establecer parámetros de acuero a los datos existentes', 'There is/are no record(s) for log execution report with the parameter(s) set', '2021-01-22', '18:49:00', NULL, NULL);
	INSERT INTO `ERRORES_LOG_EJECUCION` (`ID_ERROR`, `CODIGO_ERROR`, `URL_ENDPOINT`, `MODULO`, `ENDPOINT`, `METODO_PRIMARIO`, `METODO_SECUNDARIO`, `DETALLES`, `MENSAJE_PANTALLA`, `FECHA_CREACION`, `HORA_CREACION`, `FECHA_ACTUALIZACION`, `HORA_ACTUALIZACION`) VALUES('3cbc6232-5d0c-11eb-b8ed-0897988520bf', '07RLE_02GET_GETPARAMETER01', 'http://host/api/reporteErroresLogEjecucion', 'REPORTE_ERRORES_LOG_EJECUCION', 'consultarReporteLogEjecucionDinamico', 'GET', 'GETPARAM', 'Los parametros del JSON condicion pueden estar mal escritos o pueden faltar parametros, revisar la documentación del endpoint consultarErroresLogEjecucion', '${verificarParametrosCondiciones.messageFaltantes} or ${verificarParametrosCondiciones.messageMalEscritos} in the condition: ${whereKeys[i].toUpperCase()}, please set a all required parameters', '2021-01-22', '18:47:50', NULL, NULL);
	INSERT INTO `ERRORES_LOG_EJECUCION` (`ID_ERROR`, `CODIGO_ERROR`, `URL_ENDPOINT`, `MODULO`, `ENDPOINT`, `METODO_PRIMARIO`, `METODO_SECUNDARIO`, `DETALLES`, `MENSAJE_PANTALLA`, `FECHA_CREACION`, `HORA_CREACION`, `FECHA_ACTUALIZACION`, `HORA_ACTUALIZACION`) VALUES('bd6e0388-5d0c-11eb-b8ed-0897988520bf', '07RLE_02GET_PARAMETERS00', 'http://host/api/reporteErroresLogEjecucion', 'REPORTE_ERRORES_LOG_EJECUCION', 'consultarReporteLogEjecucionDinamico', 'GET', 'PARAMETERS', 'Los parámetros ingresados en la petición no son los correctos; pueden faltar parámetros o pueden estar mal escritos, revisar la documentación del endpoint consultarReporteLogEjecucionDinamico', '${verificarParametro.messageFaltantes} or ${verificarParametro.messageMalEscritos}, please set a all required parameters', '2021-01-22', '18:51:26', NULL, NULL);
	
	COMMIT;

	/*Backup - Insertar datos reportes errores log ejecución*/
	INSERT INTO `REPORTE_LOG_EJECUCION` (`ID_REPORTE`, `CODIGO_ERROR`, `URL_ENDPOINT`, `MODULO`, `ENDPOINT`, `METODO_PRIMARIO`, `METODO_SECUNDARIO`, `MENSAJE_RETORNADO`, `FECHA_CREACION`, `HORA_CREACION`) VALUES('00125802-5d0e-11eb-b8ed-0897988520bf', '07RLE_02GET_PARAMETERS00', 'http://host/api/erroresLogEjecucion', 'REPORTE_ERRORES_LOG_EJECUCION', 'consultarReporteLogEjecucionDinamico', 'GET', 'PARAMETERS', 'this/these parameter(s) is/are missing: ordenar or null, please set a all required parameters', '2021-01-22', '19:00:27');
	INSERT INTO `REPORTE_LOG_EJECUCION` (`ID_REPORTE`, `CODIGO_ERROR`, `URL_ENDPOINT`, `MODULO`, `ENDPOINT`, `METODO_PRIMARIO`, `METODO_SECUNDARIO`, `MENSAJE_RETORNADO`, `FECHA_CREACION`, `HORA_CREACION`) VALUES('00539a45-5cfe-11eb-b8ed-0897988520bf', '06ELE_02GET_PARAMETER00', 'http://host/api/erroresLogEjecucion', 'ERRORES_LOG_EJECUCION', 'consultarErroresLogEjecucion', 'GET', 'PARAMETERS', 'this/these parameter(s) is/are missing: ordenar or null, please set a all required parameters', '2021-01-22', '17:05:56');
	INSERT INTO `REPORTE_LOG_EJECUCION` (`ID_REPORTE`, `CODIGO_ERROR`, `URL_ENDPOINT`, `MODULO`, `ENDPOINT`, `METODO_PRIMARIO`, `METODO_SECUNDARIO`, `MENSAJE_RETORNADO`, `FECHA_CREACION`, `HORA_CREACION`) VALUES('08cb0808-5cd5-11eb-b8ed-0897988520bf', '03CVNS_01POST_GET03', 'http://host/api/configuracionVariablesNodoSensor', 'CONFIGURACION_VARIABLES_NODO_SENSOR', 'crearConfiguracioVariableNodoSensor', 'POST', 'GET', 'The variable with NOMBRE_VARIABLE: TEMPERATUR_AMBIENTE was not found', '2021-01-22', '12:12:41');
	INSERT INTO `REPORTE_LOG_EJECUCION` (`ID_REPORTE`, `CODIGO_ERROR`, `URL_ENDPOINT`, `MODULO`, `ENDPOINT`, `METODO_PRIMARIO`, `METODO_SECUNDARIO`, `MENSAJE_RETORNADO`, `FECHA_CREACION`, `HORA_CREACION`) VALUES('100b481d-5cd1-11eb-b8ed-0897988520bf', '02VNS_03PUT_PARAMETER00', 'http://host/api/variablesNodoSensor', 'VARIABLES_NODO_SENSOR', 'actualizarVariableByID', 'PUT', 'PARAMETERS', 'this/these parameter(s) is/are missing: agrupar, condicion,ordenar,seleccionar or this/these parameter(s) is/are misspelled: detalles, estado,id_variable,nombre_variable,rango_max,rango_min,tipo_dato,unidad_medida, please set a all required parameters', '2021-01-22', '11:44:15');
	INSERT INTO `REPORTE_LOG_EJECUCION` (`ID_REPORTE`, `CODIGO_ERROR`, `URL_ENDPOINT`, `MODULO`, `ENDPOINT`, `METODO_PRIMARIO`, `METODO_SECUNDARIO`, `MENSAJE_RETORNADO`, `FECHA_CREACION`, `HORA_CREACION`) VALUES('16bc7bf2-5cd5-11eb-b8ed-0897988520bf', '03CVNS_01POST_PARAMETER00', 'http://host/api/configuracionVariablesNodoSensor', 'CONFIGURACION_VARIABLES_NODO_SENSOR', 'crearConfiguracioVariableNodoSensor', 'POST', 'PARAMETERS', 'this/these parameter(s) is/are missing: nombre_variable or null, please set a all required parameters', '2021-01-22', '12:13:04');
	INSERT INTO `REPORTE_LOG_EJECUCION` (`ID_REPORTE`, `CODIGO_ERROR`, `URL_ENDPOINT`, `MODULO`, `ENDPOINT`, `METODO_PRIMARIO`, `METODO_SECUNDARIO`, `MENSAJE_RETORNADO`, `FECHA_CREACION`, `HORA_CREACION`) VALUES('16c3c71f-5d00-11eb-b8ed-0897988520bf', '06ELE_03PUT_PUT03', 'http://host/api/erroresLogEjecucion', 'ERRORES_LOG_EJECUCION', 'actualizarErrorLogEjecucionById', 'PUT', 'OUT', 'The register with ID_ERROR: c6f298cc-5cfd-11eb-b8ed-0897988520bf could not be updated', '2021-01-22', '17:20:52');
	INSERT INTO `REPORTE_LOG_EJECUCION` (`ID_REPORTE`, `CODIGO_ERROR`, `URL_ENDPOINT`, `MODULO`, `ENDPOINT`, `METODO_PRIMARIO`, `METODO_SECUNDARIO`, `MENSAJE_RETORNADO`, `FECHA_CREACION`, `HORA_CREACION`) VALUES('177b4b7d-5c1f-11eb-80f6-0897988520bf', '01NS_02GET_GET02', 'http://host/api/nodoSensor', 'NODO_SENSOR', 'consultarNodoSensorDinamico', 'GET', 'GET', 'There is/are no record(s) for sensor node with the parameter(s) set', '2021-01-21', '14:30:17');
	INSERT INTO `REPORTE_LOG_EJECUCION` (`ID_REPORTE`, `CODIGO_ERROR`, `URL_ENDPOINT`, `MODULO`, `ENDPOINT`, `METODO_PRIMARIO`, `METODO_SECUNDARIO`, `MENSAJE_RETORNADO`, `FECHA_CREACION`, `HORA_CREACION`) VALUES('1866e22b-5d0e-11eb-b8ed-0897988520bf', '07RLE_02GET_PARAMETERS00', 'http://host/api/erroresLogEjecucion', 'REPORTE_ERRORES_LOG_EJECUCION', 'consultarReporteLogEjecucionDinamico', 'GET', 'PARAMETERS', 'this/these parameter(s) is/are missing: ordenar or null, please set a all required parameters', '2021-01-22', '19:01:08');
	INSERT INTO `REPORTE_LOG_EJECUCION` (`ID_REPORTE`, `CODIGO_ERROR`, `URL_ENDPOINT`, `MODULO`, `ENDPOINT`, `METODO_PRIMARIO`, `METODO_SECUNDARIO`, `MENSAJE_RETORNADO`, `FECHA_CREACION`, `HORA_CREACION`) VALUES('186f3282-5c1f-11eb-80f6-0897988520bf', '01NS_02GET_GET02', 'http://host/api/nodoSensor', 'NODO_SENSOR', 'consultarNodoSensorDinamico', 'GET', 'GET', 'There is/are no record(s) for sensor node with the parameter(s) set', '2021-01-21', '14:30:18');
	INSERT INTO `REPORTE_LOG_EJECUCION` (`ID_REPORTE`, `CODIGO_ERROR`, `URL_ENDPOINT`, `MODULO`, `ENDPOINT`, `METODO_PRIMARIO`, `METODO_SECUNDARIO`, `MENSAJE_RETORNADO`, `FECHA_CREACION`, `HORA_CREACION`) VALUES('19acb9c5-5c1c-11eb-80f6-0897988520bf', '01NS_02GET_GET02', 'http://host/api/nodoSensor', 'NODO_SENSOR', 'consultarNodoSensorDinamico', 'GET', 'GET', 'There is/are no record(s) for sensor node with the parameter(s) set', '2021-01-21', '14:08:52');
	INSERT INTO `REPORTE_LOG_EJECUCION` (`ID_REPORTE`, `CODIGO_ERROR`, `URL_ENDPOINT`, `MODULO`, `ENDPOINT`, `METODO_PRIMARIO`, `METODO_SECUNDARIO`, `MENSAJE_RETORNADO`, `FECHA_CREACION`, `HORA_CREACION`) VALUES('1ed88122-5cfe-11eb-b8ed-0897988520bf', '06ELE_02GET_GET02', 'http://host/api/erroresLogEjecucion', 'ERRORES_LOG_EJECUCION', 'consultarErroresLogEjecucion', 'GET', 'GET', 'There is/are no record(s) for log execution log with the parameter(s) set', '2021-01-22', '17:06:47');
	INSERT INTO `REPORTE_LOG_EJECUCION` (`ID_REPORTE`, `CODIGO_ERROR`, `URL_ENDPOINT`, `MODULO`, `ENDPOINT`, `METODO_PRIMARIO`, `METODO_SECUNDARIO`, `MENSAJE_RETORNADO`, `FECHA_CREACION`, `HORA_CREACION`) VALUES('1f904e7e-5c1f-11eb-80f6-0897988520bf', '01NS_02GET_GET02', 'http://host/api/nodoSensor', 'NODO_SENSOR', 'consultarNodoSensorDinamico', 'GET', 'GET', 'There is/are no record(s) for sensor node with the parameter(s) set', '2021-01-21', '14:30:30');
	INSERT INTO `REPORTE_LOG_EJECUCION` (`ID_REPORTE`, `CODIGO_ERROR`, `URL_ENDPOINT`, `MODULO`, `ENDPOINT`, `METODO_PRIMARIO`, `METODO_SECUNDARIO`, `MENSAJE_RETORNADO`, `FECHA_CREACION`, `HORA_CREACION`) VALUES('25c28981-5d00-11eb-b8ed-0897988520bf', '06ELE_03PUT_PUT03', 'http://host/api/erroresLogEjecucion', 'ERRORES_LOG_EJECUCION', 'actualizarErrorLogEjecucionById', 'PUT', 'OUT', 'The register with ID_ERROR: c6f298cc-5cfd-11eb-b8ed-0897988520bf could not be updated', '2021-01-22', '17:21:17');
	INSERT INTO `REPORTE_LOG_EJECUCION` (`ID_REPORTE`, `CODIGO_ERROR`, `URL_ENDPOINT`, `MODULO`, `ENDPOINT`, `METODO_PRIMARIO`, `METODO_SECUNDARIO`, `MENSAJE_RETORNADO`, `FECHA_CREACION`, `HORA_CREACION`) VALUES('292fbb9f-5d0e-11eb-b8ed-0897988520bf', '07RLE_02GET_PARAMETERS00', 'http://host/api/erroresLogEjecucion', 'REPORTE_ERRORES_LOG_EJECUCION', 'consultarReporteLogEjecucionDinamico', 'GET', 'PARAMETERS', 'this/these parameter(s) is/are missing: ordenar or null, please set a all required parameters', '2021-01-22', '19:01:36');
	INSERT INTO `REPORTE_LOG_EJECUCION` (`ID_REPORTE`, `CODIGO_ERROR`, `URL_ENDPOINT`, `MODULO`, `ENDPOINT`, `METODO_PRIMARIO`, `METODO_SECUNDARIO`, `MENSAJE_RETORNADO`, `FECHA_CREACION`, `HORA_CREACION`) VALUES('2a19b1ad-5cd5-11eb-b8ed-0897988520bf', '03CVNS_01POST_PARAMETER00', 'http://host/api/configuracionVariablesNodoSensor', 'CONFIGURACION_VARIABLES_NODO_SENSOR', 'crearConfiguracioVariableNodoSensor', 'POST', 'PARAMETERS', 'this/these parameter(s) is/are missing: nombre_variable or null, please set a all required parameters', '2021-01-22', '12:13:36');
	INSERT INTO `REPORTE_LOG_EJECUCION` (`ID_REPORTE`, `CODIGO_ERROR`, `URL_ENDPOINT`, `MODULO`, `ENDPOINT`, `METODO_PRIMARIO`, `METODO_SECUNDARIO`, `MENSAJE_RETORNADO`, `FECHA_CREACION`, `HORA_CREACION`) VALUES('2bb3f239-5cd5-11eb-b8ed-0897988520bf', '03CVNS_01POST_GET03', 'http://host/api/configuracionVariablesNodoSensor', 'CONFIGURACION_VARIABLES_NODO_SENSOR', 'crearConfiguracioVariableNodoSensor', 'POST', 'GET', 'The variable with NOMBRE_VARIABLE: TEMPERATUR_AMBIENTE was not found', '2021-01-22', '12:13:39');
	INSERT INTO `REPORTE_LOG_EJECUCION` (`ID_REPORTE`, `CODIGO_ERROR`, `URL_ENDPOINT`, `MODULO`, `ENDPOINT`, `METODO_PRIMARIO`, `METODO_SECUNDARIO`, `MENSAJE_RETORNADO`, `FECHA_CREACION`, `HORA_CREACION`) VALUES('2fea0bc3-5cc3-11eb-b8ed-0897988520bf', '02VNS_01POST_GET01', 'http://host/api/variablesNodoSensor', 'VARIABLES_NODO_SENSOR', 'crearVariablesNodoSensor', 'POST', 'GET', 'The variable: PRUEBA already exist', '2021-01-22', '10:04:55');
	INSERT INTO `REPORTE_LOG_EJECUCION` (`ID_REPORTE`, `CODIGO_ERROR`, `URL_ENDPOINT`, `MODULO`, `ENDPOINT`, `METODO_PRIMARIO`, `METODO_SECUNDARIO`, `MENSAJE_RETORNADO`, `FECHA_CREACION`, `HORA_CREACION`) VALUES('30ea9c6a-5cc3-11eb-b8ed-0897988520bf', '02VNS_01POST_GET01', 'http://host/api/variablesNodoSensor', 'VARIABLES_NODO_SENSOR', 'crearVariablesNodoSensor', 'POST', 'GET', 'The variable: PRUEBA already exist', '2021-01-22', '10:04:57');
	INSERT INTO `REPORTE_LOG_EJECUCION` (`ID_REPORTE`, `CODIGO_ERROR`, `URL_ENDPOINT`, `MODULO`, `ENDPOINT`, `METODO_PRIMARIO`, `METODO_SECUNDARIO`, `MENSAJE_RETORNADO`, `FECHA_CREACION`, `HORA_CREACION`) VALUES('35d559e6-5ce5-11eb-b8ed-0897988520bf', '04RVNS_02GET_PARAMETER00', 'http://host/api/reglasNodoSensor', 'REGLAS_VARIABLES_NODO_SENSOR', 'consultarReglasNodoSensorDinamico', 'GET', 'PARAMETERS', 'this/these parameter(s) is/are missing: ordenar or null, please set a all required parameters', '2021-01-22', '14:08:28');
	INSERT INTO `REPORTE_LOG_EJECUCION` (`ID_REPORTE`, `CODIGO_ERROR`, `URL_ENDPOINT`, `MODULO`, `ENDPOINT`, `METODO_PRIMARIO`, `METODO_SECUNDARIO`, `MENSAJE_RETORNADO`, `FECHA_CREACION`, `HORA_CREACION`) VALUES('3b8028e4-5ce5-11eb-b8ed-0897988520bf', '04RVNS_02GET_PARAMETER00', 'http://host/api/reglasNodoSensor', 'REGLAS_VARIABLES_NODO_SENSOR', 'consultarReglasNodoSensorDinamico', 'GET', 'PARAMETERS', 'this/these parameter(s) is/are missing: ordenar or null, please set a all required parameters', '2021-01-22', '14:08:38');
	INSERT INTO `REPORTE_LOG_EJECUCION` (`ID_REPORTE`, `CODIGO_ERROR`, `URL_ENDPOINT`, `MODULO`, `ENDPOINT`, `METODO_PRIMARIO`, `METODO_SECUNDARIO`, `MENSAJE_RETORNADO`, `FECHA_CREACION`, `HORA_CREACION`) VALUES('3ba4914b-5cd1-11eb-b8ed-0897988520bf', '02VNS_03PUT_DATA04', 'http://host/api/variablesNodoSensor', 'VARIABLES_NODO_SENSOR', 'actualizarVariableByID', 'PUT', 'DATA', 'The minimun rank: 40.0 is the samse as maximun rank: 40.0', '2021-01-22', '11:45:28');
	INSERT INTO `REPORTE_LOG_EJECUCION` (`ID_REPORTE`, `CODIGO_ERROR`, `URL_ENDPOINT`, `MODULO`, `ENDPOINT`, `METODO_PRIMARIO`, `METODO_SECUNDARIO`, `MENSAJE_RETORNADO`, `FECHA_CREACION`, `HORA_CREACION`) VALUES('3e5a8327-5cff-11eb-b8ed-0897988520bf', '06ELE_03PUT_PUT03', 'http://host/api/erroresLogEjecucion', 'ERRORES_LOG_EJECUCION', 'actualizarErrorLogEjecucionById', 'PUT', 'OUT', 'The register with ID_ERROR: c6f298cc-5cfd-11eb-b8ed-0897988520bf could not be updated', '2021-01-22', '17:14:49');
	INSERT INTO `REPORTE_LOG_EJECUCION` (`ID_REPORTE`, `CODIGO_ERROR`, `URL_ENDPOINT`, `MODULO`, `ENDPOINT`, `METODO_PRIMARIO`, `METODO_SECUNDARIO`, `MENSAJE_RETORNADO`, `FECHA_CREACION`, `HORA_CREACION`) VALUES('40727298-5ce5-11eb-b8ed-0897988520bf', '04RVNS_02GET_GETPARAMETER01', 'http://host/api/reglasNodoSensor', 'REGLAS_VARIABLES_NODO_SENSOR', 'consultarReglasNodoSensorDinamico', 'GET', 'GETPARAM', 'There is no any logic connector in the condition: FECHA_CREACION, please set a logic connector', '2021-01-22', '14:08:46');
	INSERT INTO `REPORTE_LOG_EJECUCION` (`ID_REPORTE`, `CODIGO_ERROR`, `URL_ENDPOINT`, `MODULO`, `ENDPOINT`, `METODO_PRIMARIO`, `METODO_SECUNDARIO`, `MENSAJE_RETORNADO`, `FECHA_CREACION`, `HORA_CREACION`) VALUES('4ac358f3-5cfe-11eb-b8ed-0897988520bf', '06ELE_02GET_PARAMETER00', 'http://host/api/erroresLogEjecucion', 'ERRORES_LOG_EJECUCION', 'consultarErroresLogEjecucion', 'GET', 'PARAMETERS', 'this/these parameter(s) is/are missing: agrupar, condicion,ordenar,seleccionar or this/these parameter(s) is/are misspelled: codigo_error, detalles,endpoint,id_error,mensaje_pantalla,metodo_primario,metodo_secundario,modulo,url_endpoint, please set a all required parameters', '2021-01-22', '17:08:01');
	INSERT INTO `REPORTE_LOG_EJECUCION` (`ID_REPORTE`, `CODIGO_ERROR`, `URL_ENDPOINT`, `MODULO`, `ENDPOINT`, `METODO_PRIMARIO`, `METODO_SECUNDARIO`, `MENSAJE_RETORNADO`, `FECHA_CREACION`, `HORA_CREACION`) VALUES('511ea22a-5cd1-11eb-b8ed-0897988520bf', '02VNS_03PUT_DATA04', 'http://host/api/variablesNodoSensor', 'VARIABLES_NODO_SENSOR', 'actualizarVariableByID', 'PUT', 'DATA', 'The minimun rank: 40.0 is the samse as maximun rank: 40.0', '2021-01-22', '11:46:04');
	INSERT INTO `REPORTE_LOG_EJECUCION` (`ID_REPORTE`, `CODIGO_ERROR`, `URL_ENDPOINT`, `MODULO`, `ENDPOINT`, `METODO_PRIMARIO`, `METODO_SECUNDARIO`, `MENSAJE_RETORNADO`, `FECHA_CREACION`, `HORA_CREACION`) VALUES('51b578dc-5cff-11eb-b8ed-0897988520bf', '06ELE_03PUT_PUT03', 'http://host/api/erroresLogEjecucion', 'ERRORES_LOG_EJECUCION', 'actualizarErrorLogEjecucionById', 'PUT', 'OUT', 'The register with ID_ERROR: c6f298cc-5cfd-11eb-b8ed-0897988520bf could not be updated', '2021-01-22', '17:15:22');
	INSERT INTO `REPORTE_LOG_EJECUCION` (`ID_REPORTE`, `CODIGO_ERROR`, `URL_ENDPOINT`, `MODULO`, `ENDPOINT`, `METODO_PRIMARIO`, `METODO_SECUNDARIO`, `MENSAJE_RETORNADO`, `FECHA_CREACION`, `HORA_CREACION`) VALUES('56feff86-5cee-11eb-b8ed-0897988520bf', '05DNS_02GET_PARAMETER00', 'http://host/api/datosNodoSensor', 'DATOS_NODO_SENSOR', 'consutarDatosNodoSensorDinamico', 'GET', 'PARAMETERS', 'this/these parameter(s) is/are missing: ordenar or null, please set a all required parameters', '2021-01-22', '15:13:49');
	INSERT INTO `REPORTE_LOG_EJECUCION` (`ID_REPORTE`, `CODIGO_ERROR`, `URL_ENDPOINT`, `MODULO`, `ENDPOINT`, `METODO_PRIMARIO`, `METODO_SECUNDARIO`, `MENSAJE_RETORNADO`, `FECHA_CREACION`, `HORA_CREACION`) VALUES('5f8893ba-5cd7-11eb-b8ed-0897988520bf', '03CVNS_04DELETE_GET01', 'http://host/api/configuracionVariablesNodoSensor', 'CONFIGURACION_VARIABLES_NODO_SENSOR', 'eliminarConfiguracionVariablesNodoSensorByIDConfiguracion', 'DELETE', 'PARAMETERS', 'The register with ID_CONFIGURACION: csdcsdsd was not found', '2021-01-22', '12:29:25');
	INSERT INTO `REPORTE_LOG_EJECUCION` (`ID_REPORTE`, `CODIGO_ERROR`, `URL_ENDPOINT`, `MODULO`, `ENDPOINT`, `METODO_PRIMARIO`, `METODO_SECUNDARIO`, `MENSAJE_RETORNADO`, `FECHA_CREACION`, `HORA_CREACION`) VALUES('70b97ea3-5d0a-11eb-b8ed-0897988520bf', '06ELE_04DELETE_GET01', 'http://host/api/erroresLogEjecucion', 'ERRORES_LOG_EJECUCION', 'eliminarErrorLogEejecucionById', 'DELETE', 'GET', 'The register with ID_ERROR: jdjkdsjkscdskj was not found', '2021-01-22', '18:34:58');
	INSERT INTO `REPORTE_LOG_EJECUCION` (`ID_REPORTE`, `CODIGO_ERROR`, `URL_ENDPOINT`, `MODULO`, `ENDPOINT`, `METODO_PRIMARIO`, `METODO_SECUNDARIO`, `MENSAJE_RETORNADO`, `FECHA_CREACION`, `HORA_CREACION`) VALUES('7614f0d8-5ced-11eb-b8ed-0897988520bf', '05DNS_01POST_PARAMETER00', 'http://host/api/datosNodoSensor', 'DATOS_NODO_SENSOR', 'crearDatoNodoSensor', 'POST', 'PARAMETERS', 'this/these parameter(s) is/are missing: token or this/these parameter(s) is/are misspelled: tokennn, please set a all required parameters', '2021-01-22', '15:07:32');
	INSERT INTO `REPORTE_LOG_EJECUCION` (`ID_REPORTE`, `CODIGO_ERROR`, `URL_ENDPOINT`, `MODULO`, `ENDPOINT`, `METODO_PRIMARIO`, `METODO_SECUNDARIO`, `MENSAJE_RETORNADO`, `FECHA_CREACION`, `HORA_CREACION`) VALUES('792bc3e6-5d0a-11eb-b8ed-0897988520bf', '06ELE_04DELETE_PARAMETER00', 'http://host/api/erroresLogEjecucion', 'ERRORES_LOG_EJECUCION', 'eliminarErrorLogEejecucionById', 'DELETE', 'PARAMETERS', 'this/these parameter(s) is/are missing: id_error or this/these parameter(s) is/are misspelled: id_errorrrr, please set a all required parameters', '2021-01-22', '18:35:12');
	INSERT INTO `REPORTE_LOG_EJECUCION` (`ID_REPORTE`, `CODIGO_ERROR`, `URL_ENDPOINT`, `MODULO`, `ENDPOINT`, `METODO_PRIMARIO`, `METODO_SECUNDARIO`, `MENSAJE_RETORNADO`, `FECHA_CREACION`, `HORA_CREACION`) VALUES('8760264d-5d0a-11eb-b8ed-0897988520bf', '06ELE_04DELETE_PARAMETER00', 'http://host/api/erroresLogEjecucion', 'ERRORES_LOG_EJECUCION', 'eliminarErrorLogEejecucionById', 'DELETE', 'PARAMETERS', 'this/these parameter(s) is/are missing: id_error or this/these parameter(s) is/are misspelled: id_errorrrr, please set a all required parameters', '2021-01-22', '18:35:36');
	INSERT INTO `REPORTE_LOG_EJECUCION` (`ID_REPORTE`, `CODIGO_ERROR`, `URL_ENDPOINT`, `MODULO`, `ENDPOINT`, `METODO_PRIMARIO`, `METODO_SECUNDARIO`, `MENSAJE_RETORNADO`, `FECHA_CREACION`, `HORA_CREACION`) VALUES('89c7f68f-5cd7-11eb-b8ed-0897988520bf', '03CVNS_04DELETE_GET01', 'http://host/api/configuracionVariablesNodoSensor', 'CONFIGURACION_VARIABLES_NODO_SENSOR', 'eliminarConfiguracionVariablesNodoSensorByIDConfiguracion', 'DELETE', 'GET', 'The register with ID_CONFIGURACION: csdcsdsd was not found', '2021-01-22', '12:30:36');
	INSERT INTO `REPORTE_LOG_EJECUCION` (`ID_REPORTE`, `CODIGO_ERROR`, `URL_ENDPOINT`, `MODULO`, `ENDPOINT`, `METODO_PRIMARIO`, `METODO_SECUNDARIO`, `MENSAJE_RETORNADO`, `FECHA_CREACION`, `HORA_CREACION`) VALUES('97cd78cf-5cea-11eb-b8ed-0897988520bf', '04RVNS_04DELETE_PARAMETER00', 'http://host/api/reglasNodoSensor', 'REGLAS_VARIABLES_NODO_SENSOR', 'eliminarReglaNodoSensorById', 'DELETE', 'PARAMETERS', 'this/these parameter(s) is/are missing: expresion, id_NODO_SENSOR,nombre_variable or null, please set a all required parameters', '2021-01-22', '14:47:00');
	INSERT INTO `REPORTE_LOG_EJECUCION` (`ID_REPORTE`, `CODIGO_ERROR`, `URL_ENDPOINT`, `MODULO`, `ENDPOINT`, `METODO_PRIMARIO`, `METODO_SECUNDARIO`, `MENSAJE_RETORNADO`, `FECHA_CREACION`, `HORA_CREACION`) VALUES('9d38995c-5cd7-11eb-b8ed-0897988520bf', '03CVNS_04DELETE_PARAMETER00', 'http://host/api/configuracionVariablesNodoSensor', 'CONFIGURACION_VARIABLES_NODO_SENSOR', 'eliminarConfiguracionVariablesNodoSensorByIDConfiguracion', 'DELETE', 'PARAMETERS', 'this/these parameter(s) is/are missing: id_configuracion or this/these parameter(s) is/are misspelled: id_configuracionNN, please set a all required parameters', '2021-01-22', '12:31:09');
	INSERT INTO `REPORTE_LOG_EJECUCION` (`ID_REPORTE`, `CODIGO_ERROR`, `URL_ENDPOINT`, `MODULO`, `ENDPOINT`, `METODO_PRIMARIO`, `METODO_SECUNDARIO`, `MENSAJE_RETORNADO`, `FECHA_CREACION`, `HORA_CREACION`) VALUES('a3955107-5cd7-11eb-b8ed-0897988520bf', '03CVNS_04DELETE_GET01', 'http://host/api/configuracionVariablesNodoSensor', 'CONFIGURACION_VARIABLES_NODO_SENSOR', 'eliminarConfiguracionVariablesNodoSensorByIDConfiguracion', 'DELETE', 'GET', 'The register with ID_CONFIGURACION: csdcsdsd was not found', '2021-01-22', '12:31:19');
	INSERT INTO `REPORTE_LOG_EJECUCION` (`ID_REPORTE`, `CODIGO_ERROR`, `URL_ENDPOINT`, `MODULO`, `ENDPOINT`, `METODO_PRIMARIO`, `METODO_SECUNDARIO`, `MENSAJE_RETORNADO`, `FECHA_CREACION`, `HORA_CREACION`) VALUES('a80e694e-5cea-11eb-b8ed-0897988520bf', '04RVNS_04DELETE_GET01', 'http://host/api/reglasNodoSensor', 'REGLAS_VARIABLES_NODO_SENSOR', 'eliminarReglaNodoSensorById', 'DELETE', 'GET', 'The register with ID_REGLA: SDCSDCD was not found', '2021-01-22', '14:47:27');
	INSERT INTO `REPORTE_LOG_EJECUCION` (`ID_REPORTE`, `CODIGO_ERROR`, `URL_ENDPOINT`, `MODULO`, `ENDPOINT`, `METODO_PRIMARIO`, `METODO_SECUNDARIO`, `MENSAJE_RETORNADO`, `FECHA_CREACION`, `HORA_CREACION`) VALUES('af78b196-5cee-11eb-b8ed-0897988520bf', '05DNS_02GET_GET02', 'http://host/api/datosNodoSensor', 'DATOS_NODO_SENSOR', 'consutarDatosNodoSensorDinamico', 'GET', 'GET', 'There is/are no record(s) for data sensor node with the parameter(s) set', '2021-01-22', '15:16:18');
	INSERT INTO `REPORTE_LOG_EJECUCION` (`ID_REPORTE`, `CODIGO_ERROR`, `URL_ENDPOINT`, `MODULO`, `ENDPOINT`, `METODO_PRIMARIO`, `METODO_SECUNDARIO`, `MENSAJE_RETORNADO`, `FECHA_CREACION`, `HORA_CREACION`) VALUES('b460828d-5cee-11eb-b8ed-0897988520bf', '05DNS_02GET_GET02', 'http://host/api/datosNodoSensor', 'DATOS_NODO_SENSOR', 'consutarDatosNodoSensorDinamico', 'GET', 'GET', 'There is/are no record(s) for data sensor node with the parameter(s) set', '2021-01-22', '15:16:26');
	INSERT INTO `REPORTE_LOG_EJECUCION` (`ID_REPORTE`, `CODIGO_ERROR`, `URL_ENDPOINT`, `MODULO`, `ENDPOINT`, `METODO_PRIMARIO`, `METODO_SECUNDARIO`, `MENSAJE_RETORNADO`, `FECHA_CREACION`, `HORA_CREACION`) VALUES('bacee8f8-5cea-11eb-b8ed-0897988520bf', '04RVNS_04DELETE_GET01', 'http://host/api/reglasNodoSensor', 'REGLAS_VARIABLES_NODO_SENSOR', 'eliminarReglaNodoSensorById', 'DELETE', 'GET', 'The register with ID_REGLA: SDCSDCD was not found', '2021-01-22', '14:47:59');
	INSERT INTO `REPORTE_LOG_EJECUCION` (`ID_REPORTE`, `CODIGO_ERROR`, `URL_ENDPOINT`, `MODULO`, `ENDPOINT`, `METODO_PRIMARIO`, `METODO_SECUNDARIO`, `MENSAJE_RETORNADO`, `FECHA_CREACION`, `HORA_CREACION`) VALUES('bb251d47-5cea-11eb-b8ed-0897988520bf', '04RVNS_04DELETE_GET01', 'http://host/api/reglasNodoSensor', 'REGLAS_VARIABLES_NODO_SENSOR', 'eliminarReglaNodoSensorById', 'DELETE', 'GET', 'The register with ID_REGLA: SDCSDCD was not found', '2021-01-22', '14:47:59');
	INSERT INTO `REPORTE_LOG_EJECUCION` (`ID_REPORTE`, `CODIGO_ERROR`, `URL_ENDPOINT`, `MODULO`, `ENDPOINT`, `METODO_PRIMARIO`, `METODO_SECUNDARIO`, `MENSAJE_RETORNADO`, `FECHA_CREACION`, `HORA_CREACION`) VALUES('bb7abb3a-5cea-11eb-b8ed-0897988520bf', '04RVNS_04DELETE_GET01', 'http://host/api/reglasNodoSensor', 'REGLAS_VARIABLES_NODO_SENSOR', 'eliminarReglaNodoSensorById', 'DELETE', 'GET', 'The register with ID_REGLA: SDCSDCD was not found', '2021-01-22', '14:48:00');
	INSERT INTO `REPORTE_LOG_EJECUCION` (`ID_REPORTE`, `CODIGO_ERROR`, `URL_ENDPOINT`, `MODULO`, `ENDPOINT`, `METODO_PRIMARIO`, `METODO_SECUNDARIO`, `MENSAJE_RETORNADO`, `FECHA_CREACION`, `HORA_CREACION`) VALUES('bbcca220-5cea-11eb-b8ed-0897988520bf', '04RVNS_04DELETE_GET01', 'http://host/api/reglasNodoSensor', 'REGLAS_VARIABLES_NODO_SENSOR', 'eliminarReglaNodoSensorById', 'DELETE', 'GET', 'The register with ID_REGLA: SDCSDCD was not found', '2021-01-22', '14:48:00');
	INSERT INTO `REPORTE_LOG_EJECUCION` (`ID_REPORTE`, `CODIGO_ERROR`, `URL_ENDPOINT`, `MODULO`, `ENDPOINT`, `METODO_PRIMARIO`, `METODO_SECUNDARIO`, `MENSAJE_RETORNADO`, `FECHA_CREACION`, `HORA_CREACION`) VALUES('bc15924a-5cea-11eb-b8ed-0897988520bf', '04RVNS_04DELETE_GET01', 'http://host/api/reglasNodoSensor', 'REGLAS_VARIABLES_NODO_SENSOR', 'eliminarReglaNodoSensorById', 'DELETE', 'GET', 'The register with ID_REGLA: SDCSDCD was not found', '2021-01-22', '14:48:01');
	INSERT INTO `REPORTE_LOG_EJECUCION` (`ID_REPORTE`, `CODIGO_ERROR`, `URL_ENDPOINT`, `MODULO`, `ENDPOINT`, `METODO_PRIMARIO`, `METODO_SECUNDARIO`, `MENSAJE_RETORNADO`, `FECHA_CREACION`, `HORA_CREACION`) VALUES('d99bda80-5cc3-11eb-b8ed-0897988520bf', '02VNS_01POST_PARAMETER00', 'http://host/api/variablesNodoSensor', 'VARIABLES_NODO_SENSOR', 'crearVariablesNodoSensor', 'POST', 'PARAMETERS', 'this/these parameter(s) is/are missing: estado or null, please set a all required parameters', '2021-01-22', '10:09:40');
	INSERT INTO `REPORTE_LOG_EJECUCION` (`ID_REPORTE`, `CODIGO_ERROR`, `URL_ENDPOINT`, `MODULO`, `ENDPOINT`, `METODO_PRIMARIO`, `METODO_SECUNDARIO`, `MENSAJE_RETORNADO`, `FECHA_CREACION`, `HORA_CREACION`) VALUES('dbbab3e9-5ce3-11eb-b8ed-0897988520bf', '04RVNS_01POST_GET04', 'http://host/api/reglasNodoSensor', 'REGLAS_VARIABLES_NODO_SENSOR', 'crearReglaNodoSensor', 'POST', 'GET', 'The rule configuration with ID_NODO_SENSOR: 377bfbd1-5ab3-11eb-aaa5-0897988520bf and ID_VARIABLE: cf1f9977-5aba-11eb-aaa5-0897988520bf and NOMBRE_VARIABLE: HUMEDAD_AMBIENTE already exist', '2021-01-22', '13:58:47');
	INSERT INTO `REPORTE_LOG_EJECUCION` (`ID_REPORTE`, `CODIGO_ERROR`, `URL_ENDPOINT`, `MODULO`, `ENDPOINT`, `METODO_PRIMARIO`, `METODO_SECUNDARIO`, `MENSAJE_RETORNADO`, `FECHA_CREACION`, `HORA_CREACION`) VALUES('ddc4ea7e-5ce3-11eb-b8ed-0897988520bf', '04RVNS_01POST_GET04', 'http://host/api/reglasNodoSensor', 'REGLAS_VARIABLES_NODO_SENSOR', 'crearReglaNodoSensor', 'POST', 'GET', 'The rule configuration with ID_NODO_SENSOR: 377bfbd1-5ab3-11eb-aaa5-0897988520bf and ID_VARIABLE: cf1f9977-5aba-11eb-aaa5-0897988520bf and NOMBRE_VARIABLE: HUMEDAD_AMBIENTE already exist', '2021-01-22', '13:58:51');
	INSERT INTO `REPORTE_LOG_EJECUCION` (`ID_REPORTE`, `CODIGO_ERROR`, `URL_ENDPOINT`, `MODULO`, `ENDPOINT`, `METODO_PRIMARIO`, `METODO_SECUNDARIO`, `MENSAJE_RETORNADO`, `FECHA_CREACION`, `HORA_CREACION`) VALUES('de60d7d1-5ce3-11eb-b8ed-0897988520bf', '04RVNS_01POST_GET04', 'http://host/api/reglasNodoSensor', 'REGLAS_VARIABLES_NODO_SENSOR', 'crearReglaNodoSensor', 'POST', 'GET', 'The rule configuration with ID_NODO_SENSOR: 377bfbd1-5ab3-11eb-aaa5-0897988520bf and ID_VARIABLE: cf1f9977-5aba-11eb-aaa5-0897988520bf and NOMBRE_VARIABLE: HUMEDAD_AMBIENTE already exist', '2021-01-22', '13:58:52');
	INSERT INTO `REPORTE_LOG_EJECUCION` (`ID_REPORTE`, `CODIGO_ERROR`, `URL_ENDPOINT`, `MODULO`, `ENDPOINT`, `METODO_PRIMARIO`, `METODO_SECUNDARIO`, `MENSAJE_RETORNADO`, `FECHA_CREACION`, `HORA_CREACION`) VALUES('df0298fc-5ce3-11eb-b8ed-0897988520bf', '04RVNS_01POST_GET04', 'http://host/api/reglasNodoSensor', 'REGLAS_VARIABLES_NODO_SENSOR', 'crearReglaNodoSensor', 'POST', 'GET', 'The rule configuration with ID_NODO_SENSOR: 377bfbd1-5ab3-11eb-aaa5-0897988520bf and ID_VARIABLE: cf1f9977-5aba-11eb-aaa5-0897988520bf and NOMBRE_VARIABLE: HUMEDAD_AMBIENTE already exist', '2021-01-22', '13:58:53');
	INSERT INTO `REPORTE_LOG_EJECUCION` (`ID_REPORTE`, `CODIGO_ERROR`, `URL_ENDPOINT`, `MODULO`, `ENDPOINT`, `METODO_PRIMARIO`, `METODO_SECUNDARIO`, `MENSAJE_RETORNADO`, `FECHA_CREACION`, `HORA_CREACION`) VALUES('df64f64d-5ce3-11eb-b8ed-0897988520bf', '04RVNS_01POST_GET04', 'http://host/api/reglasNodoSensor', 'REGLAS_VARIABLES_NODO_SENSOR', 'crearReglaNodoSensor', 'POST', 'GET', 'The rule configuration with ID_NODO_SENSOR: 377bfbd1-5ab3-11eb-aaa5-0897988520bf and ID_VARIABLE: cf1f9977-5aba-11eb-aaa5-0897988520bf and NOMBRE_VARIABLE: HUMEDAD_AMBIENTE already exist', '2021-01-22', '13:58:54');
	INSERT INTO `REPORTE_LOG_EJECUCION` (`ID_REPORTE`, `CODIGO_ERROR`, `URL_ENDPOINT`, `MODULO`, `ENDPOINT`, `METODO_PRIMARIO`, `METODO_SECUNDARIO`, `MENSAJE_RETORNADO`, `FECHA_CREACION`, `HORA_CREACION`) VALUES('e822c737-5d0d-11eb-b8ed-0897988520bf', '07RLE_02GET_PARAMETERS00', 'http://host/api/erroresLogEjecucion', 'REPORTE_ERRORES_LOG_EJECUCION', 'consultarReporteLogEjecucionDinamico', 'GET', 'PARAMETERS', 'this/these parameter(s) is/are missing: ordenar or null, please set a all required parameters', '2021-01-22', '18:59:47');
	INSERT INTO `REPORTE_LOG_EJECUCION` (`ID_REPORTE`, `CODIGO_ERROR`, `URL_ENDPOINT`, `MODULO`, `ENDPOINT`, `METODO_PRIMARIO`, `METODO_SECUNDARIO`, `MENSAJE_RETORNADO`, `FECHA_CREACION`, `HORA_CREACION`) VALUES('ea3a4f04-5d0a-11eb-b8ed-0897988520bf', '06ELE_04DELETE_GET01', 'http://host/api/erroresLogEjecucion', 'ERRORES_LOG_EJECUCION', 'eliminarErrorLogEejecucionById', 'DELETE', 'GET', 'The register with ID_ERROR: e89c92d9-5d09-11eb-b8ed-0897988520bf was not found', '2021-01-22', '18:38:22');
	INSERT INTO `REPORTE_LOG_EJECUCION` (`ID_REPORTE`, `CODIGO_ERROR`, `URL_ENDPOINT`, `MODULO`, `ENDPOINT`, `METODO_PRIMARIO`, `METODO_SECUNDARIO`, `MENSAJE_RETORNADO`, `FECHA_CREACION`, `HORA_CREACION`) VALUES('eb319de6-5d0a-11eb-b8ed-0897988520bf', '06ELE_04DELETE_GET01', 'http://host/api/erroresLogEjecucion', 'ERRORES_LOG_EJECUCION', 'eliminarErrorLogEejecucionById', 'DELETE', 'GET', 'The register with ID_ERROR: e89c92d9-5d09-11eb-b8ed-0897988520bf was not found', '2021-01-22', '18:38:24');
	INSERT INTO `REPORTE_LOG_EJECUCION` (`ID_REPORTE`, `CODIGO_ERROR`, `URL_ENDPOINT`, `MODULO`, `ENDPOINT`, `METODO_PRIMARIO`, `METODO_SECUNDARIO`, `MENSAJE_RETORNADO`, `FECHA_CREACION`, `HORA_CREACION`) VALUES('f3e049b5-5c19-11eb-80f6-0897988520bf', '01NS_02GET_GET02', 'http://host/api/nodoSensor', 'NODO_SENSOR', 'consultarNodoSensorDinamico', 'GET', 'GET', 'There is/are no record(s) for sensor node with the parameter(s) set', '2021-01-21', '13:53:30');
	
	COMMIT;
	
	SELECT 'Backup de datos completado';

END